mi;mj;Oi;Dj
43671;43671;11921;3748
140415;140415;16977;6990
29038;29038;1651;3090
20826;20826;4676;1099
51024;51024;13289;2317
11714;11714;1145;1336
21399;21399;2165;1246
112249;112249;7312;10248
36583;36583;6195;3453
23988;23988;5369;908
39593;39593;9028;1838
15922;15922;1910;1476
27867;27867;2494;2667
14254;14254;1987;1100
14123;14123;3644;800
43615;43615;6640;3994
54984;54984;7880;9293
14089;14089;2239;1133
12202;12202;3562;939
37631;37631;2657;1996
13665;13665;2777;645
77483;77483;9859;4759
49129;49129;7531;7964
46365;46365;2071;2837
64452;64452;7183;4618
65874;65874;18685;4141
38440;38440;3137;3751
103459;103459;10447;6455
18495;18495;2944;1500
31223;31223;4480;2895
25764;25764;5222;1504
9974;9974;1584;438
17185;17185;2968;822
16310;16310;3551;1367
88787;88787;4865;13410
53926;53926;7736;3729
662047;662047;26735;89408
15904;15904;2311;1379
87966;87966;11325;7233
34803;34803;9044;2633
115092;115092;16561;8117
65676;65676;13473;7719
13473;13473;3040;1518
24105;24105;3779;1680
276700;276700;7719;31795
22539;22539;2300;2211
31214;31214;3779;3500
82231;82231;9406;10934
399843;399843;13047;21086
24324;24324;1388;2266
223510;223510;6455;38367
111064;111064;13755;16655
11861;11861;1685;554
20949;20949;3532;774
29605;29605;2529;2465
22380;22380;3740;1152
49756;49756;12791;6192
64742;64742;17119;4380
143293;143293;41167;27252
14798;14798;1430;949
80321;80321;10880;5258
41475;41475;4884;3813
164875;164875;7917;11418
70713;70713;10126;2644
18097;18097;3234;2042
13183;13183;1241;1521
24843;24843;2988;3990
69423;69423;3467;2714
117755;117755;2812;2113
116320;116320;4344;5975
51335;51335;2172;2268
33489;33489;2301;590
8547;8547;208;1668
19715;19715;892;1302
3072149;3072149;23647;41256
155032;155032;14927;2939
97470;97470;2855;3472
843746;843746;9412;9084
179727;179727;24003;10592
38381;38381;1333;1748
167517;167517;7934;2359
160026;160026;2158;2183
20749;20749;719;1911
24209;24209;1209;1728
38386;38386;1552;3076
153406;153406;12442;18160
33948;33948;1802;3535
12600;12600;1227;904
5744;5744;1203;1144
25357;25357;1421;1644
14117;14117;1161;1340
23546;23546;1792;2903
17609;17609;2202;1620
24046;24046;3076;1341
8571;8571;2525;353
25603;25603;1577;2020
20336;20336;3449;1813
82148;82148;4515;8077
53247;53247;12195;6204
50866;50866;8182;4419
19526;19526;2549;1355
9210;9210;1340;1251
15341;15341;1045;1798
18723;18723;1935;1655
86014;86014;13749;7803
17771;17771;3399;1253
11642;11642;2242;512
88068;88068;4140;6256
16464;16464;4395;1148
37331;37331;3081;3140
23587;23587;2712;2639
30353;30353;6368;1687
14300;14300;843;3641
34233;34233;1732;3620
13249;13249;1712;761
18418;18418;1650;1241
84278;84278;5025;7479
22781;22781;1972;1630
8559;8559;1333;636
17774;17774;2504;1586
12580;12580;1190;517
14492;14492;2097;1012
13628;13628;2233;1996
22486;22486;2998;1324
52828;52828;15442;3278
14243;14243;2976;408
16140;16140;2342;1020
40443;40443;9166;5657
51979;51979;1816;3874
10254;10254;1223;938
9245;9245;1568;360
9955;9955;1969;772
8608;8608;1946;194
28790;28790;3104;1831
10209;10209;3098;312
26445;26445;1656;734
11303;11303;2052;1105
25614;25614;4314;1706
20229;20229;817;1092
54469;54469;3992;5584
9539;9539;1913;543
361474;361474;9593;67465
18195;18195;1942;917
29329;29329;2559;2530
83529;83529;24788;5063
10996;10996;1282;653
8261;8261;1034;249
115071;115071;6347;25870
15757;15757;1739;1213
17119;17119;2189;1535
11499;11499;1058;428
45629;45629;1139;3836
16192;16192;2158;759
157715;157715;10222;15978
67165;67165;7136;4413
8741;8741;880;594
21139;21139;3345;1615
1443741;1443741;224236;230005
1208;1208;218;696
35100;35100;3535;2884
203171;203171;7477;5412
40554;40554;6532;1522
18804;18804;1386;1866
948816;948816;186828;83621
27507;27507;500;733
156299;156299;32368;8200
799407;799407;21587;25216
26453;26453;3006;2040
126518;126518;1028;1320
142361;142361;2564;3413
17945;17945;570;1249
661645;661645;14499;15027
129461;129461;8549;7366
58309;58309;4293;1046
33828;33828;1012;1028
9519338;9519338;277285;439619
123109;123109;12747;10157
247289;247289;47829;43962
17130;17130;1828;1053
86265;86265;2208;2147
210554;210554;18316;8078
9449;9449;563;277
12853;12853;1068;1003
401762;401762;17946;12678
124279;124279;13007;15534
92033;92033;11175;4502
2846289;2846289;221931;260368
248399;248399;46807;45034
20824;20824;1098;782
1545387;1545387;172987;82148
1223499;1223499;82701;100318
53234;53234;11194;3551
1709434;1709434;201764;120118
2813833;2813833;39275;40187
776733;776733;95882;265227
563598;563598;50068;32254
246681;246681;11024;7856
707161;707161;147568;147218
399347;399347;10426;20030
1682585;1682585;100052;218795
255602;255602;32934;14302
163256;163256;4762;4197
3555;3555;591;294
44301;44301;1032;1316
394542;394542;75065;24148
458614;458614;40317;15917
446997;446997;35589;19427
78930;78930;13286;7156
56039;56039;4898;3466
13022;13022;733;364
368021;368021;15305;11311
54501;54501;3363;1751
753197;753197;81707;37983
168660;168660;24584;35784
60219;60219;9577;8751
363857;363857;108241;65029
14966;14966;886;2145
487967;487967;129675;134867
9898;9898;466;335
4517;4517;114;127
5998;5998;640;456
291288;291288;31940;56164
16242;16242;503;763
2231;2231;123;296
9322;9322;3128;671
8400;8400;1119;263
3663;3663;314;192
5518;5518;524;544
3503;3503;400;133
27834;27834;2390;860
554636;554636;101729;257399
1844;1844;342;56
175766;175766;65866;30529
41659;41659;3781;4438
19872;19872;7571;856
516929;516929;12054;14311
46145;46145;3280;2117
43791;43791;5947;2008
4757;4757;1779;3891
12442;12442;887;456
13956;13956;350;973
790;790;63;44
7862;7862;437;418
1577;1577;55;71
527056;527056;148922;78320
1622;1622;109;108
8011;8011;238;313
7812;7812;2065;252
43941;43941;1203;2331
251494;251494;21055;13028
15207;15207;577;424
6087;6087;248;635
20504;20504;848;890
116255;116255;2293;1224
831;831;66;56
13184;13184;1753;415
23830;23830;1490;668
33432;33432;2175;1513
27171;27171;1246;1029
20311;20311;1312;1093
3742;3742;495;325
14523;14523;4949;763
4480;4480;220;313
14872;14872;828;7166
14483;14483;437;735
141472;141472;5988;4112
5986;5986;313;515
12413;12413;1144;1036
19690;19690;560;1784
5917;5917;780;355
558;558;73;47
6594;6594;207;1420
2747;2747;251;133
23548;23548;904;3634
20555;20555;4733;1471
4926;4926;617;115
180936;180936;28420;13830
9841;9841;296;489
882567;882567;83331;108586
857183;857183;52794;127333
182193;182193;42382;18849
155071;155071;39026;28126
824008;824008;97824;72029
259088;259088;22221;27955
136364;136364;44583;15803
109091;109091;23207;9194
126697;126697;12286;12457
500265;500265;35272;59522
156638;156638;16045;9328
572059;572059;69914;481095
217955;217955;6938;19648
22259;22259;4697;1563
148217;148217;3243;5849
26088;26088;4811;2394
476230;476230;15729;8132
1623018;1623018;176138;104317
13017;13017;1948;806
141627;141627;12824;7772
118085;118085;8416;3582
140814;140814;40775;10437
251377;251377;7835;18010
56513;56513;5743;4895
32209;32209;3363;2165
13827;13827;1683;586
778879;778879;23920;81670
294410;294410;13088;25110
49832;49832;6996;2821
11057;11057;451;567
45087;45087;9051;4260
14437;14437;3397;1091
10576;10576;1937;733
13332;13332;1476;686
13327;13327;1706;1610
26938;26938;2966;1469
36210;36210;4391;2543
130802;130802;14366;7329
87366;87366;3076;2615
998948;998948;50554;101278
18564;18564;3626;957
112947;112947;5671;9049
46755;46755;4320;2971
12902;12902;3094;719
7022;7022;908;458
210528;210528;29578;21383
440888;440888;20412;13572
239452;239452;5919;22968
34450;34450;5872;2546
7021;7021;1221;616
18733;18733;2005;1084
264002;264002;28766;15732
258916;258916;13197;9334
126731;126731;15995;19033
2253362;2253362;71144;131606
57663;57663;12291;3406
170498;170498;6961;12907
35910;35910;3356;1675
896344;896344;62047;175206
172493;172493;39361;19657
1131184;1131184;53132;77415
344765;344765;59960;20536
921482;921482;57950;55054
483924;483924;31577;17593
70423;70423;8419;3108
123135;123135;23389;12538
192695;192695;26165;9526
117743;117743;28512;7372
325957;325957;18928;32161
365196;365196;91153;55602
53345;53345;6733;4198
34844;34844;4672;2267
19256;19256;895;869
13442;13442;2120;2192
443343;443343;35910;13446
22863;22863;6417;1187
40601;40601;5890;5298
20973;20973;3657;2657
17419;17419;2144;1871
7609;7609;1350;987
10103;10103;1343;926
4074;4074;1011;298
44700;44700;3485;5161
14422;14422;5207;2226
46144;46144;14865;4806
76019;76019;15248;11799
17484;17484;1543;2474
16235;16235;3241;1424
153887;153887;9077;30796
11666;11666;2116;1308
14629;14629;4307;380
16450;16450;3483;994
23417;23417;8192;1934
55983;55983;5457;5069
22243;22243;3422;2341
19522;19522;4391;2189
6320;6320;1031;917
43664;43664;4638;3571
9577;9577;1455;756
87268;87268;15119;10795
53282;53282;19535;6088
10282;10282;1773;810
232048;232048;6247;28543
14882;14882;3025;7776
25470;25470;3789;1739
141903;141903;47751;14478
101489;101489;9176;27149
3357;3357;620;210
236517;236517;69546;54349
6878;6878;500;840
607751;607751;145303;118229
37413;37413;1904;3590
42053;42053;4090;2110
89288;89288;29245;11665
15771;15771;2661;1786
89215;89215;22749;9638
12495;12495;4391;431
21996;21996;1782;2353
15154;15154;4620;1254
15999;15999;5284;2491
28240;28240;2449;2984
665865;665865;190783;164463
19171;19171;2546;1419
11525;11525;1759;1545
96065;96065;3658;20740
92174;92174;29252;15491
12354;12354;1439;1633
3754;3754;1412;97
37535;37535;11483;2173
20511;20511;2338;1524
21837;21837;2327;1655
10495;10495;1393;1461
19798;19798;3258;1543
91263;91263;28217;18059
90565;90565;7179;9090
98407;98407;30170;21470
20285;20285;4078;4239
816006;816006;119111;451814
23456;23456;3884;1708
2556;2556;792;167
67568;67568;1991;7727
44104;44104;6820;6216
23659;23659;4334;1178
14406;14406;1743;1727
588448;588448;140648;115082
35902;35902;5174;4184
139277;139277;18676;18972
10076;10076;1839;475
25690;25690;6011;2100
23695;23695;8937;2467
22997;22997;3491;2136
11012;11012;3075;814
119341;119341;41602;15422
110765;110765;13072;10194
9931;9931;2277;1238
41589;41589;11172;7112
11426;11426;3213;882
12684;12684;1458;1419
17266;17266;1999;1657
8575;8575;1144;755
8560;8560;1645;942
23639;23639;8068;1080
15912;15912;4527;1899
7241;7241;1938;573
44874;44874;2940;3689
24757;24757;9758;1402
61610;61610;5423;6749
8348;8348;1974;298
10304;10304;3772;264
92115;92115;3506;9758
21016;21016;4912;2269
21231;21231;3430;2918
10847;10847;2289;710
14074;14074;1955;1629
25730;25730;8825;1688
7144;7144;1579;787
22534;22534;4779;2404
6383;6383;1306;477
23932;23932;3163;2584
21757;21757;6195;2375
8270;8270;2374;556
15457;15457;2708;4090
36506;36506;9505;5653
186291;186291;11019;29625
62001;62001;17005;8506
26225;26225;9267;3327
12635;12635;4633;569
81678;81678;30736;4803
23668;23668;5594;4416
22983;22983;5795;3173
15636;15636;3860;1083
13688;13688;4644;885
38127;38127;6970;3055
9588;9588;1653;1152
18812;18812;3576;2034
2598;2598;689;171
15050;15050;1159;1710
7791;7791;836;678
199775;199775;17077;41553
70111;70111;18496;17146
3766;3766;937;574
15374;15374;2283;691
9369;9369;1642;730
58417;58417;11210;9051
25435;25435;2750;2354
5252;5252;927;623
33200;33200;2311;3431
6498;6498;1882;360
2077;2077;526;96
22305;22305;3176;2245
8815;8815;1435;621
11794;11794;1382;2217
10970;10970;1871;818
42737;42737;2466;4957
38407;38407;2621;6728
26067;26067;2742;3549
9319;9319;1539;1148
6854;6854;1202;235
58779;58779;4265;9685
9504;9504;1472;778
10590;10590;3067;887
17289;17289;2199;1355
27597;27597;3023;1605
61053;61053;15966;6579
60687;60687;17802;4814
35483;35483;2538;5413
6336;6336;1303;837
21176;21176;1611;3778
26565;26565;2540;1708
2390;2390;628;190
6179;6179;1221;457
19944;19944;4512;2244
83525;83525;5106;22915
8577;8577;1508;424
10687;10687;993;1075
10220;10220;2127;1536
21967;21967;5674;1250
300904;300904;10542;26008
3476;3476;347;182
75565;75565;4539;2648
6411;6411;620;94
9171;9171;551;564
41735;41735;5756;2707
18991;18991;390;1449
6670;6670;1767;611
36835;36835;2581;1261
82522;82522;3793;9632
9871;9871;517;480
2899;2899;238;1095
991;991;197;32
131441;131441;20184;10355
7304;7304;322;938
21416;21416;2348;3038
1022;1022;93;90
8930;8930;476;509
4342;4342;307;118
29130;29130;2073;994
11329;11329;1986;319
11819;11819;2382;605
15181;15181;2762;525
14155;14155;1825;1128
15511;15511;902;481
19155;19155;4328;1684
18342;18342;3365;2418
108685;108685;10554;4250
34935;34935;3588;1622
7806;7806;98;100
3747;3747;563;567
4044;4044;822;280
27467;27467;2098;2913
20174;20174;3003;2116
37410;37410;2452;6450
4125;4125;608;110
10644;10644;2199;849
20578;20578;4266;1647
7538;7538;979;1647
13771;13771;958;594
5999;5999;1190;233
64284;64284;3240;4500
7651;7651;402;372
9977;9977;1133;475
68277;68277;2438;5116
9590;9590;1632;1524
17633;17633;3484;1304
41786;41786;12282;6231
6950;6950;768;1295
35503;35503;6492;2772
5084;5084;1193;216
16674;16674;2842;1074
13695;13695;2320;1879
179669;179669;4920;14312
35372;35372;6332;2488
17008;17008;3179;1652
14560;14560;1593;1755
35535;35535;8514;4038
53196;53196;3862;6947
5376741;5376741;292145;476266
20452;20452;1430;1709
11253;11253;3543;822
88969;88969;15981;8829
16798;16798;3723;2046
19922;19922;3753;2626
904161;904161;191263;256617
19704;19704;2630;1573
6971;6971;1152;1514
34264;34264;1721;5900
21802;21802;2773;1807
14241;14241;2871;1920
39018;39018;6483;2656
38250;38250;6740;1508
6445;6445;1359;736
14761;14761;3110;565
37535;37535;9362;5888
8621;8621;1851;400
20121;20121;4214;1425
4800;4800;631;235
8213;8213;2656;324
51020;51020;10540;2881
31334;31334;5518;1393
59612;59612;4947;8314
10117;10117;1813;883
40045;40045;3124;6172
21668;21668;5750;1643
22289;22289;4383;2333
12878;12878;2309;1086
404119;404119;84966;67543
103833;103833;10316;6509
54544;54544;19566;9152
55836;55836;3729;5229
644356;644356;104843;113694
111509;111509;13389;9091
15452;15452;2518;1302
36062;36062;5879;4786
39678;39678;4358;4071
31183;31183;4100;2624
32913;32913;1885;2824
260077;260077;65132;28534
150433;150433;6647;14801
114706;114706;4711;9862
49019;49019;11104;2545
258941;258941;46350;27477
41691;41691;4453;4986
13180;13180;3323;1072
16038;16038;3563;1114
15161;15161;2807;2033
12486;12486;4304;706
16957;16957;4686;576
27619;27619;9015;2168
30652;30652;3933;3170
36616;36616;3640;5388
14287;14287;3233;2091
51032;51032;10498;5332
183433;183433;12807;37425
23094;23094;3653;2253
16365;16365;4915;1123
17384;17384;2625;811
4413;4413;1103;344
7348;7348;1528;942
6086;6086;1664;1249
33893;33893;4211;5204
16149;16149;1329;1947
149374;149374;17041;28119
256082;256082;43057;25782
26733;26733;2619;2293
188951;188951;5136;20729
7189;7189;1663;379
5537;5537;1645;631
22893;22893;5214;1316
6332;6332;1527;572
48979;48979;4739;3848
128485;128485;27881;16220
18293;18293;2708;1404
83919;83919;4904;4448
12937;12937;2336;1077
18735;18735;3658;1517
15148;15148;3144;2169
17151;17151;2543;716
15371;15371;2400;1377
60653;60653;7592;4282
502266;502266;134360;53377
61296;61296;8603;6555
278418;278418;17385;23281
35469;35469;9826;3011
33625;33625;4572;4722
331849;331849;14542;30290
71435;71435;5106;12632
9421;9421;2316;718
14048;14048;2915;1529
46107;46107;12696;5482
14957;14957;4545;760
20165;20165;5336;1430
40930;40930;5072;2969
96472;96472;23634;21486
26556;26556;6127;2220
33866;33866;5584;2424
10743;10743;2861;692
29820;29820;4030;1706
46109;46109;13203;5400
24555;24555;3099;3943
40285;40285;6692;10146
118769;118769;9268;10254
39674;39674;1904;9648
182791;182791;9785;35335
25588;25588;3464;2768
70823;70823;20444;13058
17954;17954;3765;2156
22151;22151;6889;2070
20511;20511;3559;1697
32500;32500;6038;4524
73403;73403;5438;5705
33157;33157;7669;1979
182740;182740;51199;41736
55391;55391;18032;6988
34325;34325;9836;4044
104093;104093;33451;13481
48508;48508;8964;3109
84964;84964;4211;14409
38075;38075;6998;4381
41335;41335;4544;5377
30043;30043;5580;3088
21806;21806;3896;2245
31705;31705;3255;2914
27554;27554;5737;2054
115209;115209;34202;15894
39256;39256;2923;3416
74057;74057;9305;6983
34909;34909;6011;5065
484564;484564;58288;42254
110106;110106;13034;10700
45922;45922;7188;2604
133358;133358;19371;9807
860454;860454;56109;177051
45128;45128;6832;6436
10369;10369;2077;4472
36082;36082;6701;2691
120563;120563;6530;14717
37629;37629;3589;3713
66689;66689;20048;4363
14566;14566;3854;1493
46275;46275;8711;7106
5623;5623;1852;1051
19306;19306;3074;1794
21786;21786;6266;1378
17241;17241;3739;980
18899;18899;3424;1524
12837;12837;3244;1128
146798;146798;31689;15410
27061;27061;6531;2861
13755;13755;2413;1230
36019;36019;5936;4365
27401;27401;5641;1760
26523;26523;5761;4757
18261;18261;4335;1882
265559;265559;21181;25354
22960;22960;4450;1808
43445;43445;8949;5711
20391;20391;5280;3279
23556;23556;5160;1395
33214;33214;5005;5372
21751;21751;4301;1828
9065;9065;2491;486
148955;148955;5585;16951
16577;16577;4532;1443
7349;7349;2165;656
171922;171922;8535;33577
16788;16788;3956;2409
105848;105848;4909;13930
34960;34960;4459;2956
8419;8419;2838;505
52383;52383;16855;5460
27223;27223;6214;1140
71097;71097;4488;6520
27600;27600;5632;4176
25267;25267;4452;2844
30707;30707;7640;4434
8243;8243;1422;624
4482;4482;698;349
14675;14675;1748;1172
13721;13721;1170;994
6830;6830;949;374
25308;25308;7306;1365
128012;128012;4137;12139
26224;26224;5652;2492
23325;23325;4357;3146
21093;21093;3885;1562
20411;20411;1395;1679
15305;15305;3747;735
11115;11115;1736;722
21421;21421;1032;1940
14684;14684;1404;1054
18187;18187;5474;1813
46447;46447;2072;4710
13035;13035;1087;984
13095;13095;1740;935
9133;9133;1044;1687
17372;17372;1176;2164
18678;18678;2674;1609
50149;50149;5464;4300
16942;16942;1355;1155
40750;40750;13595;7756
8541;8541;1483;547
8689;8689;1286;640
18404;18404;3195;1048
42351;42351;2159;5739
16424;16424;1614;2068
89143;89143;2778;9944
11027;11027;1446;829
22008;22008;2656;1690
16900;16900;2359;1224
10704;10704;1652;928
8010;8010;1743;1246
10366;10366;1311;575
12369;12369;2776;934
11353;11353;2639;770
16438;16438;2090;2608
12100;12100;2106;1587
18812;18812;1917;1834
15666;15666;3344;734
20336;20336;2000;3438
9932;9932;1118;1346
10381;10381;1342;886
7837;7837;730;962
15671;15671;2553;3737
20296;20296;3699;1161
37213;37213;5607;2647
16181;16181;1094;2220
111006;111006;8864;15679
20221;20221;3974;1783
11400;11400;2597;537
17163;17163;1571;798
38052;38052;3153;5198
191701;191701;8372;20867
12183;12183;3057;1102
9422;9422;1171;753
11763;11763;2199;605
14019;14019;3687;913
22335;22335;4045;1757
32052;32052;3318;5686
39311;39311;3072;2982
14547;14547;3649;957
10874;10874;1349;691
10020;10020;1398;730
8016;8016;1488;1061
11771;11771;1028;1169
41722;41722;3996;6239
15102;15102;1946;1218
7003;7003;1072;528
16976;16976;1594;1942
10147;10147;1199;781
24849;24849;4296;1980
8662;8662;1067;584
374601;374601;11618;47595
87704;87704;19531;10413
18815;18815;1802;2280
5469;5469;628;288
11529;11529;1740;600
158668;158668;18447;22080
13173;13173;1691;975
31589;31589;1736;2993
79981;79981;7160;8331
18103;18103;3232;1328
6958;6958;1314;483
12309;12309;877;1556
7809;7809;1459;623
36051;36051;2817;3139
40671;40671;14232;2002
20670;20670;4044;1566
6730;6730;1014;447
40235;40235;2488;4061
11723;11723;1276;3030
21310;21310;1678;1671
103877;103877;10936;11018
7909;7909;2187;471
14334;14334;1480;1403
14385;14385;1365;1406
8110;8110;1458;363
16774;16774;1738;1947
5307;5307;355;289
28205;28205;1211;1362
15379;15379;1058;1334
10724;10724;1315;1268
59482;59482;14337;3641
3030;3030;701;93
4359;4359;587;215
22605;22605;4573;2067
3165;3165;197;101
2390;2390;250;195
8822;8822;1198;434
10268;10268;688;589
8865;8865;950;1174
1967;1967;134;115
36291;36291;2815;1644
38242;38242;2279;2977
3472;3472;239;178
19344;19344;2966;1317
8249;8249;1913;1361
99962;99962;13051;7887
3449;3449;387;220
3261;3261;511;208
27507;27507;1057;1184
6525;6525;651;598
40523;40523;847;1708
32458;32458;890;1598
24784;24784;4871;2581
27947;27947;5391;3536
3068;3068;251;330
2946;2946;253;140
7909;7909;419;476
5904;5904;777;526
1534;1534;66;110
7673;7673;1153;495
2670;2670;108;156
6536;6536;619;354
32869;32869;5169;3111
4307;4307;431;283
2085;2085;216;144
12657;12657;2868;1426
18426;18426;5981;982
3791;3791;488;171
451086;451086;77860;99439
4531;4531;573;368
8673;8673;1405;641
3278;3278;274;239
22835;22835;1651;1557
2155;2155;120;117
68691;68691;12065;4869
3578;3578;477;126
9570;9570;2223;634
3046;3046;355;286
35935;35935;1758;2178
29554;29554;2275;2561
13361;13361;2001;625
10965;10965;658;752
4631;4631;520;179
28351;28351;8380;2294
6932;6932;308;600
36252;36252;1751;3418
6104;6104;878;380
3496;3496;247;428
10717;10717;887;1146
16997;16997;1602;2143
3454;3454;164;203
5953;5953;264;425
16712;16712;4887;491
4452;4452;317;326
6163;6163;1540;276
7233;7233;533;575
6001;6001;340;462
18209;18209;4169;3060
9647;9647;595;676
2966;2966;184;114
64790;64790;3448;2916
5835;5835;425;363
10761;10761;1354;591
62843;62843;6382;9443
5685;5685;473;327
3551;3551;479;199
7370;7370;477;598
53597;53597;1448;4651
5120;5120;305;257
452869;452869;7587;29474
22510;22510;876;2310
169871;169871;5597;17723
2813;2813;237;133
6760;6760;312;232
4536;4536;321;163
4789;4789;568;307
2406;2406;206;397
5463;5463;434;406
25946;25946;4836;1275
8180;8180;382;572
3319;3319;365;191
6885;6885;2211;331
1749;1749;100;111
6483;6483;873;395
2531;2531;140;181
10332;10332;1018;897
3788;3788;631;241
157882;157882;34745;44109
17244;17244;2722;931
17800;17800;3375;1228
19111;19111;5992;1276
8286;8286;1783;1226
38033;38033;3416;5107
11085;11085;2541;665
30060;30060;1731;2735
85991;85991;20910;40383
19360;19360;4339;2604
49752;49752;5282;11892
27697;27697;3241;8309
8279;8279;2548;359
16100;16100;1587;801
18648;18648;3942;552
61236;61236;22213;4197
13010;13010;2297;1147
13060;13060;2095;1017
34177;34177;2716;3212
88616;88616;27330;11435
5351;5351;1362;226
10155;10155;991;3335
26889;26889;4617;1498
15447;15447;2784;627
72265;72265;4041;21611
33144;33144;6987;5805
24556;24556;2283;1286
9634;9634;999;1213
9384;9384;1661;525
7147;7147;764;399
91545;91545;5822;6946
11644;11644;3009;349
6748;6748;1358;148
15307;15307;3043;542
260512;260512;19168;49544
13792;13792;2193;719
42441;42441;3841;3335
47687;47687;4495;13585
7752;7752;1119;1801
7870;7870;2270;1120
14792;14792;4571;1026
22384;22384;6081;1749
37028;37028;5266;3345
24053;24053;2593;1846
11518;11518;2229;317
36891;36891;7861;3639
8392;8392;1552;3007
94174;94174;8743;11561
33202;33202;1159;1181
17983;17983;3351;1193
17445;17445;2794;1226
44829;44829;5480;6155
15060;15060;4154;1131
5262;5262;1121;582
46519;46519;4005;3510
13495;13495;1786;773
693604;693604;25363;100910
39041;39041;10164;6013
23445;23445;2622;1547
151464;151464;45379;28945
17649;17649;2259;1086
31795;31795;3542;2574
13373;13373;3377;785
52715;52715;4894;5701
15569;15569;2416;1047
7916;7916;908;435
12401;12401;1357;415
25277;25277;2090;1090
14092;14092;2788;402
23361;23361;5824;1203
9804;9804;2704;1355
26573;26573;3291;2444
8080;8080;1392;921
65514;65514;4684;13626
17080;17080;1955;565
9938;9938;2586;546
70872;70872;10433;7420
13332;13332;1562;433
18212;18212;2487;1472
30125;30125;5201;3644
12578;12578;1009;1101
16800;16800;1582;4456
26349;26349;7513;1465
6556;6556;1244;212
20817;20817;4375;2964
10037;10037;1888;864
11756;11756;1266;715
22554;22554;3640;3975
13948;13948;1475;691
31839;31839;3202;1680
37477;37477;6405;2567
6813;6813;1888;426
22916;22916;3940;1303
46178;46178;14501;6060
10547;10547;2640;328
4858;4858;588;193
14390;14390;3985;935
29390;29390;965;3975
68736;68736;3145;5936
13237;13237;2654;859
56217;56217;2595;4333
2266;2266;564;73
16582;16582;3111;843
22094;22094;2197;3048
16315;16315;1598;1272
33061;33061;6388;13405
33337;33337;7412;5467
16405;16405;2353;3177
11766;11766;4593;449
22927;22927;2281;2294
11971;11971;2363;792
12597;12597;2090;914
8125;8125;2831;294
15637;15637;2117;1717
92522;92522;5077;10855
10916;10916;2043;1297
19923;19923;1623;976
14120;14120;3159;1813
35865;35865;3743;4351
7065;7065;1133;570
23208;23208;6768;5300
58861;58861;9078;3350
25440;25440;2370;3198
76627;76627;16836;12643
23388;23388;5507;788
41481;41481;4043;1367
32986;32986;5250;2775
15752;15752;2783;1549
98310;98310;20439;18429
252161;252161;17475;30471
183577;183577;4847;11207
10560;10560;1641;513
9991;9991;1666;2185
10920;10920;1395;659
16851;16851;1981;1040
20247;20247;2837;1227
25494;25494;4816;1983
412852;412852;21627;57848
9421;9421;701;440
21360;21360;4119;1832
35434;35434;3869;1525
21263;21263;1908;727
18698;18698;4644;725
73266;73266;7276;8177
33320;33320;5042;8296
15397;15397;3077;1036
455466;455466;73561;78151
31435;31435;5094;2007
190503;190503;11682;31673
89974;89974;12584;7024
14282;14282;1527;812
42509;42509;3335;4948
91814;91814;27756;4102
13728;13728;1276;967
31021;31021;3565;1646
39080;39080;2487;2338
484674;484674;41091;103729
147250;147250;4669;11803
26757;26757;3662;10453
22763;22763;3990;962
126337;126337;4312;9155
9622;9622;1177;716
20981;20981;3132;1460
23459;23459;2490;900
67229;67229;16836;5036
48072;48072;11513;16592
10525;10525;2432;522
21216;21216;3581;5273
43044;43044;30132;4914
87700;87700;11035;4766
48583;48583;10782;3264
53500;53500;2461;7980
191268;191268;34269;12155
100588;100588;12365;6668
6618;6618;528;353
104503;104503;6798;10823
22803;22803;4714;1469
53807;53807;8179;3082
52531;52531;4130;2811
43926;43926;4493;1856
41831;41831;5739;2920
21601;21601;5797;6024
12314;12314;1602;576
15111;15111;1784;3136
16894;16894;1389;1063
103793;103793;13178;10374
73938;73938;1164;592
265612;265612;15403;43513
29467;29467;2845;2598
51791;51791;3183;2922
117114;117114;11017;12499
39618;39618;2592;3799
33616;33616;5545;2419
54755;54755;8175;3508
144919;144919;5751;9312
17235;17235;1748;1230
35214;35214;9357;8674
50888;50888;7808;4925
36280;36280;6653;2573
33941;33941;1116;776
186742;186742;38546;9781
74930;74930;4410;8639
489656;489656;111569;81061
754292;754292;176475;144756
74563;74563;22746;4915
29772;29772;7872;2908
150897;150897;42764;13820
85951;85951;23600;7738
120546;120546;36853;11420
30674;30674;4593;2995
195277;195277;41978;24450
29846;29846;3502;2420
218590;218590;53616;17780
247842;247842;83621;68738
19197;19197;2523;2715
873341;873341;187578;153727
801515;801515;241489;139567
40563;40563;12454;4553
86211;86211;11052;8045
24747;24747;3837;2342
33812;33812;3834;7461
131923;131923;16371;20451
84644;84644;9045;10702
46543;46543;5714;7546
651154;651154;94862;187535
222230;222230;14404;7836
134953;134953;4656;6578
534678;534678;92370;55095
14987;14987;314;532
723419;723419;117709;78840
71535;71535;13876;6095
456228;456228;36613;33690
152251;152251;29715;20326
1465396;1465396;238251;304296
9520;9520;79;645
650308;650308;176268;168130
472822;472822;111454;45383
689807;689807;104678;329515
750963;750963;93351;54154
11719;11719;1916;427
9862;9862;604;705
105665;105665;25681;19278
31314;31314;992;2185
23110;23110;4065;2838
17269;17269;2756;1676
8746;8746;414;870
56755;56755;15948;3405
110157;110157;17811;10143
15998;15998;3421;925
162453;162453;13956;11702
45787;45787;6060;4115
137985;137985;10496;14709
51104;51104;14913;4154
26090;26090;3117;2680
26448;26448;2992;1169
38543;38543;796;889
31252;31252;4853;2049
64753;64753;21223;7539
14273;14273;2051;1407
38520;38520;2035;1358
27472;27472;1154;3252
103655;103655;29225;19085
31437;31437;1916;4600
436141;436141;42525;29224
26023;26023;4260;1323
17370;17370;1390;1325
77654;77654;4394;12930
42285;42285;5356;4290
46527;46527;6804;3603
36016;36016;1052;1237
36079;36079;2156;2165
279320;279320;27183;59232
61518;61518;13812;5414
27339;27339;1514;2194
13138;13138;852;286
63351;63351;6326;8285
158422;158422;16898;10156
238603;238603;16937;25803
16571;16571;3763;1359
574335;574335;25415;77689
2301;2301;548;179
11333;11333;2176;722
87904;87904;21749;8478
21119;21119;4609;1681
98890;98890;14759;6222
156951;156951;45826;20155
7024;7024;295;522
11943;11943;1124;881
788149;788149;158717;116647
24527;24527;2085;1706
64634;64634;1311;1284
28274;28274;1898;1625
40553;40553;5298;3860
25326;25326;4644;2666
82874;82874;10366;11826
14478;14478;3449;891
145945;145945;33612;13324
61266;61266;10958;6604
10315;10315;1146;907
170200;170200;18890;11586
47874;47874;9437;3590
1194156;1194156;174248;290291
26873;26873;4971;1255
21645;21645;2053;1662
7818;7818;742;215
23197;23197;3857;3034
9418;9418;977;490
23301;23301;1373;3101
238314;238314;45459;37460
14411;14411;1846;625
25469;25469;2579;1722
210039;210039;16415;26873
164235;164235;28073;8307
62422;62422;8387;5699
44547;44547;6768;3325
8903;8903;454;318
71687;71687;16889;4758
58266;58266;12826;3475
76263;76263;17367;6334
322895;322895;39232;70042
2061162;2061162;208466;233731
30484;30484;2694;5634
15301;15301;2122;818
298084;298084;95941;42735
30000;30000;3375;2101
39650;39650;2152;2991
34226;34226;11452;8493
5820;5820;612;456
55941;55941;7169;9823
26911;26911;1409;3175
31671;31671;4502;3403
70205;70205;22697;14388
27150;27150;4557;3050
13088;13088;1605;1534
41101;41101;13640;4806
51229;51229;13470;6665
8423;8423;1116;578
5168;5168;106;345
12167;12167;961;1364
55099;55099;3301;5069
355904;355904;107126;63894
17731;17731;5129;1435
32821;32821;1847;2802
16181;16181;1732;1200
21122;21122;3938;1552
32584;32584;3516;1702
44127;44127;7530;7017
6289;6289;897;587
1116200;1116200;102306;302141
19718;19718;5053;1443
18376;18376;2969;1430
31287;31287;9703;3521
43992;43992;2951;1648
11268;11268;1628;1032
14996;14996;3258;1014
41203;41203;2401;3020
5285;5285;619;328
14355;14355;410;278
8067;8067;1011;418
11058;11058;1421;798
4522;4522;394;193
25426;25426;7012;2880
6429;6429;1123;448
25425;25425;768;3054
34898;34898;4557;5070
5190;5190;447;903
10155;10155;1954;602
21802;21802;1621;1290
22644;22644;4830;1764
22330;22330;4224;4212
31712;31712;4815;2389
38603;38603;4166;2791
9165;9165;1464;505
29771;29771;8065;7040
20832;20832;1381;1868
7442;7442;1012;366
124277;124277;3607;17993
57159;57159;4903;2610
13584;13584;588;1916
26530;26530;4587;1799
9895;9895;901;895
31369;31369;4303;3292
11236;11236;1698;829
511035;511035;108038;164187
4299;4299;829;365
16815;16815;1482;1614
17154;17154;2449;1219
56665;56665;8363;5358
9721;9721;1513;648
16338;16338;399;926
200528;200528;8437;13905
89498;89498;31723;16317
64417;64417;23089;8169
15356;15356;3883;755
133166;133166;13853;21018
33680;33680;2999;4808
10053;10053;569;1029
11956;11956;1223;903
24426;24426;4487;1232
4134;4134;335;295
21610;21610;4849;1631
13713;13713;1460;2682
19526;19526;2924;1908
201130;201130;71336;33650
11876;11876;1390;756
7138;7138;1835;918
49985;49985;4360;5066
89986;89986;27023;9667
11080;11080;1788;1332
34340;34340;1897;3396
34558;34558;3040;3858
13599;13599;2767;558
19661;19661;1957;965
8026;8026;1765;610
40633;40633;2748;1739
15069;15069;2225;718
10769;10769;3325;450
19440;19440;3023;3290
9758;9758;1822;1255
11831;11831;1599;1439
17955;17955;2829;1121
21979;21979;2446;2441
30622;30622;2177;2152
28757;28757;5126;1686
19407;19407;3330;1714
107199;107199;33729;13632
72604;72604;8003;16498
8448;8448;1362;474
19144;19144;3776;1094
13299;13299;2559;517
23263;23263;1254;3807
42967;42967;6932;6652
189601;189601;9449;23487
250800;250800;22264;53300
21609;21609;2328;1009
11206;11206;736;883
2274;2274;456;164
22770;22770;5750;1148
131420;131420;16994;12361
18149;18149;3247;1602
9740;9740;1359;644
13962;13962;2697;633
64958;64958;4998;6659
10453;10453;2308;483
38744;38744;2795;3203
39070;39070;10749;6485
78161;78161;2550;7151
13258;13258;2418;1051
20940;20940;2929;1622
75755;75755;4270;19410
37947;37947;1204;4192
33166;33166;3653;3530
61586;61586;3409;6019
74674;74674;19953;13775
25595;25595;2641;2112
34993;34993;8304;2158
38014;38014;5883;2061
12189;12189;1943;856
28684;28684;2883;3581
21838;21838;3234;2009
12548;12548;1087;856
42902;42902;3321;3733
34274;34274;4457;2962
48621;48621;9002;1619
12138;12138;2636;1328
38940;38940;2759;4274
26726;26726;4896;3679
25556;25556;3993;3054
10117;10117;1711;525
115327;115327;29529;19102
28423;28423;3231;4280
6580;6580;678;398
27639;27639;5085;1505
16182;16182;3257;1242
13622;13622;2451;1116
34369;34369;2334;2825
14903;14903;2580;448
25370;25370;5254;2087
20826;20826;3015;1553
19163;19163;3128;1772
9227;9227;425;10860
25362;25362;4666;3041
15156;15156;2592;818
49644;49644;2762;5507
62977;62977;1648;3041
21216;21216;2470;1235
10294;10294;1650;1348
10312;10312;1279;668
20160;20160;2283;1026
13051;13051;2395;829
28149;28149;2819;1319
24977;24977;1115;2449
16492;16492;5890;725
6430;6430;817;467
25853;25853;2263;2748
34010;34010;3781;5082
12541;12541;1381;1692
16653;16653;3194;799
17180;17180;2531;673
12029;12029;3253;370
135454;135454;6589;11893
85998;85998;5809;10895
40867;40867;1838;4245
8969;8969;2499;458
40766;40766;9426;3318
37051;37051;3897;4095
68693;68693;3361;11036
10285;10285;1521;325
5941;5941;817;291
82092;82092;26139;5820
13733;13733;1724;822
8438;8438;1580;548
54285;54285;17644;5004
7416;7416;1737;503
184006;184006;49689;38811
18979;18979;5964;1871
71397;71397;3377;18841
16670;16670;2787;1570
22804;22804;4132;1303
7923;7923;1475;571
15661;15661;3418;624
8016;8016;1718;634
11597;11597;2240;1806
14927;14927;1627;700
13084;13084;2274;602
33155;33155;3753;2095
93807;93807;18200;9069
15342;15342;2623;2049
6861;6861;982;554
240391;240391;8268;38510
10432;10432;1121;801
8850;8850;997;631
21997;21997;2721;2110
8940;8940;1472;499
5351;5351;869;340
10212;10212;2500;561
37238;37238;1544;3192
10697;10697;1686;1230
654880;654880;77254;139047
104686;104686;8345;15600
198099;198099;63669;12348
48258;48258;7365;3561
4361;4361;666;300
32513;32513;2399;3036
32960;32960;7857;2189
35204;35204;7368;2445
10494;10494;2157;686
38944;38944;10066;1917
13754;13754;1277;1160
14558;14558;920;1478
21681;21681;4637;1538
15762;15762;2047;929
11800;11800;1924;737
8903;8903;2657;520
28289;28289;3059;4490
3757;3757;545;691
23564;23564;4572;2332
13427;13427;1866;1125
14827;14827;3092;1356
9311;9311;1931;1123
12136;12136;2412;819
19309;19309;3147;1174
19760;19760;2682;3205
52636;52636;10369;9292
21912;21912;1294;1372
10344;10344;1358;712
13062;13062;3829;1132
9542;9542;1632;289
20047;20047;2233;1375
18132;18132;2077;2433
39403;39403;2522;4113
39825;39825;2689;3342
18351;18351;2282;1437
73781;73781;24721;21494
26992;26992;4383;1692
41165;41165;2662;4344
5223;5223;818;259
9626;9626;2883;1406
24663;24663;2386;2590
23354;23354;6944;1413
6689;6689;626;592
13509;13509;1903;368
283883;283883;79004;28619
9652;9652;1757;532
17842;17842;3421;1232
55641;55641;6110;4552
1016315;1016315;139408;221388
23756;23756;1648;1477
4170;4170;979;224
4983;4983;653;300
40422;40422;6663;5630
8324;8324;1152;292
6799;6799;884;368
29705;29705;3768;2226
28658;28658;6279;1123
7219;7219;697;953
39703;39703;1693;5795
23003;23003;2865;1766
20454;20454;1939;1282
24525;24525;6802;2652
23344;23344;4403;984
13259;13259;1953;442
31045;31045;7486;2037
2382;2382;410;179
17955;17955;2566;1502
348189;348189;58234;180495
9202;9202;250;306
12671;12671;639;803
7009;7009;238;226
4385;4385;598;224
9552;9552;1445;231
1360;1360;72;51
80357;80357;1021;1442
5970;5970;518;162
11696;11696;246;300
2017;2017;45;67
9059;9059;233;183
9417;9417;997;394
2837;2837;124;129
11893;11893;206;232
74471;74471;1012;1417
67831;67831;1488;2006
1279;1279;25;33
13247;13247;208;286
1042;1042;137;79
2830;2830;327;164
16673;16673;359;481
10049;10049;2953;948
2329;2329;230;57
26507;26507;1747;882
55716;55716;1236;3675
2158;2158;79;107
18837;18837;528;176
1977;1977;195;57
6851;6851;556;471
1932;1932;99;121
3884;3884;407;242
95802;95802;2241;5289
4497;4497;413;74
15694;15694;1582;439
493;493;29;31
4601;4601;130;79
6424;6424;393;252
1858;1858;118;25
7180;7180;539;526
1199;1199;93;80
36070;36070;3559;1103
9667;9667;342;290
10620;10620;307;499
9383;9383;237;643
10227;10227;558;282
4105;4105;89;70
34606;34606;1077;1530
8195;8195;1035;822
3609;3609;202;410
6445;6445;564;204
5267;5267;200;356
861;861;85;65
7675;7675;223;231
2259;2259;147;84
1068;1068;141;53
129352;129352;2082;3702
31151;31151;1620;2972
7452;7452;907;427
444;444;76;18
819;819;186;48
583;583;53;58
6259;6259;631;375
12158;12158;169;665
2438;2438;203;108
3525;3525;161;186
42259;42259;2034;4035
7791;7791;1428;269
8767;8767;1859;455
24334;24334;8331;1505
9615;9615;1492;471
4068;4068;150;267
6148;6148;318;312
9830;9830;249;743
7039;7039;1246;664
10441;10441;1548;1080
10203;10203;984;628
11793;11793;630;317
20253;20253;4818;6010
9060;9060;438;311
24365;24365;1085;1460
2098;2098;331;192
6339;6339;1537;619
36160;36160;4771;3540
463585;463585;23051;78473
2292;2292;173;105
6634;6634;736;425
3574;3574;529;197
3099;3099;459;226
5324;5324;505;448
22993;22993;2357;1743
2292;2292;150;80
1902;1902;163;182
2143;2143;535;178
747;747;43;78
2714;2714;309;137
53534;53534;2347;5741
9403;9403;1665;834
3786;3786;556;229
1068;1068;137;78
3111;3111;552;182
11551;11551;370;389
783;783;51;58
6567;6567;1566;244
8333;8333;1043;878
4488;4488;864;438
6882;6882;1551;616
8875;8875;584;451
983;983;112;13
4089;4089;289;239
9374;9374;963;461
250291;250291;7955;15335
34632;34632;793;1059
774;774;149;53
712;712;95;22
533;533;78;26
35226;35226;1591;5158
8204;8204;1790;713
5440;5440;732;242
4038;4038;744;159
7576;7576;685;1369
5057;5057;611;259
15396;15396;2414;1646
3087;3087;476;242
3200;3200;259;210
9747;9747;735;1077
7857;7857;1783;492
31662;31662;1368;4057
5639;5639;1151;338
11448;11448;450;901
9531;9531;1208;327
1756;1756;141;140
13843;13843;1933;1644
122595;122595;39453;18402
19830;19830;5797;1518
36951;36951;845;1632
16496;16496;3282;1833
6198;6198;532;270
3318;3318;556;168
1475;1475;300;59
6455;6455;2060;634
6055;6055;466;656
729;729;90;87
7171;7171;811;639
4647;4647;313;239
18780;18780;5285;2855
9851;9851;1729;1308
4061;4061;607;209
886;886;74;133
14598;14598;788;1790
23982;23982;1682;1047
1375765;1375765;10081;23674
41259;41259;6448;7117
45291;45291;2399;1810
971;971;127;43
1651;1651;82;1613
16106;16106;427;1091
5794;5794;621;188
4165;4165;150;354
34501;34501;7275;2276
5071;5071;227;150
32485;32485;2888;1733
6693;6693;573;472
3399;3399;1409;351
339486;339486;7178;13928
9181;9181;250;199
52457;52457;5610;10624
56325;56325;9204;7051
43666;43666;4955;3508
73825;73825;8607;4455
33111;33111;2637;1916
81743;81743;7435;17605
380841;380841;56278;45540
136225;136225;21604;22296
277359;277359;69854;49362
112233;112233;24015;12125
40458;40458;7492;2625
252552;252552;16565;31229
884118;884118;180873;188445
423394;423394;90928;66659
508932;508932;106615;72452
102326;102326;12206;6525
146438;146438;13507;14002
793633;793633;152603;178923
254673;254673;65580;32879
608975;608975;142999;113341
121989;121989;36487;24222
350761;350761;50741;87776
750162;750162;161137;167998
615301;615301;116568;66633
470212;470212;100896;138221
510916;510916;88484;19640
489049;489049;114474;77428
64285;64285;14495;8754
297490;297490;84770;95917
144166;144166;43036;10291
522541;522541;125192;115820
102437;102437;29302;16382
556678;556678;17586;44107
3543;3543;188;162
61382;61382;1246;1003
25595;25595;1878;917
14189;14189;363;675
45044;45044;1652;1735
2240;2240;106;92
174682;174682;12205;6767
51658;51658;916;1340
31002;31002;535;457
4680;4680;166;488
810;810;48;66
5932;5932;406;231
55511;55511;1195;1224
19411;19411;926;831
18343;18343;343;8884
25016;25016;714;444
74798;74798;3117;2529
5180;5180;756;173
62298;62298;3062;1172
10155;10155;336;202
41190;41190;7182;2347
18018;18018;1545;659
89908;89908;22748;10467
113801;113801;2832;2062
30126;30126;2837;923
129292;129292;10644;11127
13270;13270;395;357
18078;18078;1230;434
29979;29979;1182;702
16911;16911;3235;923
4174;4174;284;120
66152;66152;14369;2830
294565;294565;24109;101045
49927;49927;6238;2975
1332650;1332650;245934;112036
200536;200536;7545;18696
83955;83955;10642;7427
81963;81963;13441;4615
139750;139750;6556;6408
91070;91070;7263;10440
51401;51401;7152;3802
79894;79894;2904;2757
63094;63094;10629;5673
48599;48599;6196;4664
48055;48055;5861;5771
280150;280150;39418;25391
950265;950265;24637;49442
38851;38851;4109;4088
51134;51134;3821;3377
55073;55073;8210;3446
60370;60370;11361;6217
48195;48195;8428;3798
5379;5379;712;319
64427;64427;11856;4579
111738;111738;2967;4418
2465326;2465326;468598;235918
26944;26944;3900;1033
64328;64328;14240;6311
69441;69441;15765;7666
735343;735343;16373;61167
49708;49708;8050;5921
1334544;1334544;259606;194800
1537195;1537195;119872;1458766
219846;219846;33157;15999
235469;235469;11725;19230
458336;458336;12468;47516
100224;100224;19058;17156
341367;341367;52491;27758
44171;44171;8938;3236
122377;122377;21664;5527
61676;61676;6227;5164
95745;95745;34407;10272
2229379;2229379;563155;228693
152538;152538;41189;20306
443728;443728;104898;34046
286753;286753;60218;28954
111931;111931;3421;2591
200635;200635;51371;16984
146555;146555;29114;24519
31582;31582;5575;2229
19224;19224;4585;1562
33342;33342;6344;3535
98726;98726;9530;8891
1419369;1419369;178241;71355
73966;73966;9589;3737
51784;51784;14353;5358
96501;96501;4050;13713
177749;177749;27323;10356
63303;63303;8076;12762
61042;61042;13563;6005
93765;93765;21326;8081
923459;923459;157417;133731
43424;43424;8432;4700
24621;24621;4454;1432
130800;130800;15946;12988
33603;33603;8849;2466
10677;10677;1135;926
25275;25275;3967;1722
24384;24384;2787;1135
17167;17167;2042;2578
44958;44958;4379;4434
19773;19773;3045;2440
32278;32278;4537;4095
73143;73143;10807;5890
206330;206330;10483;20727
89148;89148;13089;8443
131063;131063;30950;21923
77415;77415;12033;6324
6885;6885;2380;436
59383;59383;6856;3609
23501;23501;7215;1169
141685;141685;11483;32298
49329;49329;13633;5883
24298;24298;1868;1862
14526;14526;1688;1405
8775;8775;1789;607
96287;96287;14443;7567
54749;54749;5769;3047
91436;91436;5879;10398
302963;302963;13056;25880
18190;18190;5722;1604
29967;29967;1514;3332
147246;147246;32240;13134
34835;34835;8924;2982
49063;49063;6865;5142
223314;223314;28110;81786
55606;55606;9750;7318
306067;306067;28517;50978
47260;47260;14469;4409
190365;190365;33001;18795
10516;10516;2747;440
7993;7993;790;186
48498;48498;9537;7639
18974;18974;4872;1359
421048;421048;25789;81795
57370;57370;6084;4475
91025;91025;24593;7931
54033;54033;6458;2130
89173;89173;9995;8438
22601;22601;2689;3405
33646;33646;9001;2696
5826;5826;276;455
122660;122660;18399;13182
33121;33121;3932;3985
121965;121965;31695;11660
10381;10381;3092;819
49040;49040;6481;10498
59648;59648;5120;8452
63780;63780;16543;5960
42151;42151;4865;3575
29811;29811;2106;1952
19635;19635;4621;1287
25593;25593;4373;1836
695454;695454;33307;146192
15687;15687;2112;2074
26822;26822;3420;2958
74769;74769;7620;7851
87420;87420;12168;14765
160307;160307;7701;19669
22086;22086;4511;1880
150355;150355;8070;6529
118227;118227;25768;24096
12934;12934;2375;767
34897;34897;3328;4628
41082;41082;10964;3304
11368;11368;2755;742
35623;35623;6922;2746
133798;133798;8861;11993
18324;18324;3857;1359
130454;130454;27156;10970
46564;46564;4844;3204
123339;123339;13235;7162
91928;91928;16107;8412
130340;130340;19574;14655
62899;62899;5842;2893
60161;60161;9564;3631
35998;35998;3630;6010
58100;58100;8736;3827
44711;44711;15379;2788
71219;71219;8634;10157
12968;12968;1489;2117
29334;29334;2650;2341
4149;4149;604;406
123677;123677;28579;12963
42954;42954;5339;5082
627846;627846;66027;87735
19972;19972;3941;1019
13723;13723;1731;1757
42695;42695;2887;4237
113329;113329;9157;7071
65632;65632;6764;2868
73814;73814;6635;9923
36348;36348;9695;3444
17774;17774;2636;1033
2593;2593;159;156
11775;11775;862;518
6964;6964;542;458
888;888;143;192
7149;7149;639;208
3242;3242;145;206
2242;2242;216;127
69416;69416;3903;7212
123138;123138;7442;17008
4831;4831;238;271
5757;5757;358;333
2283;2283;104;133
3600;3600;427;273
2757;2757;327;165
4331;4331;210;191
3759;3759;235;385
1924;1924;94;143
66109;66109;3145;5594
2841;2841;208;113
2754;2754;162;136
2715;2715;168;87
2753;2753;199;102
4701;4701;438;222
2308;2308;179;119
5987;5987;1034;263
3390;3390;127;166
5737;5737;450;489
9311;9311;989;630
8644;8644;345;732
25303;25303;6687;2965
6631;6631;585;321
3715;3715;388;268
2065;2065;391;233
8585;8585;625;1036
4675;4675;233;346
12066;12066;572;736
5890;5890;674;472
2610;2610;372;195
17998;17998;2057;2437
13674;13674;226;424
4366;4366;375;951
1710;1710;141;98
4044;4044;116;484
767;767;105;89
22636;22636;649;678
2258;2258;342;113
21908;21908;512;853
2876;2876;227;220
8477;8477;1104;587
12389;12389;836;799
58795;58795;1227;2212
5102;5102;303;338
19761;19761;426;491
27330;27330;4464;1215
108473;108473;7385;14479
52523;52523;7959;4982
102728;102728;12710;4961
62223;62223;4287;4866
46611;46611;9152;7029
70226;70226;10042;6097
42285;42285;11913;2809
332807;332807;69788;43246
28836;28836;7347;2412
38890;38890;10036;4028
144742;144742;20736;12500
177977;177977;52900;20430
40543;40543;6059;10398
112075;112075;19536;7790
36655;36655;4504;1912
46966;46966;7377;4270
1393978;1393978;56661;182737
53309;53309;9309;3885
39500;39500;6512;5990
109989;109989;36683;22325
79551;79551;9364;9847
122759;122759;33717;10214
28433;28433;4715;2697
1068978;1068978;40086;143849
42084;42084;8124;8785
31069;31069;2982;3242
90895;90895;25447;15379
147886;147886;32446;35803
40792;40792;4390;3276
845303;845303;62090;183735
71295;71295;6683;12174
31945;31945;5495;2164
15856;15856;3451;1282
29210;29210;5977;3236
40875;40875;7633;3211
28241;28241;6082;1885
38943;38943;4295;5340
59487;59487;9251;7702
32641;32641;4228;3094
73894;73894;9019;6150
54500;54500;7392;3160
227511;227511;43899;30045
62319;62319;13413;2957
145491;145491;28782;13805
46005;46005;6838;5240
284664;284664;44070;19185
455054;455054;32148;51466
40213;40213;10245;5605
257555;257555;32399;26310
66217;66217;6447;6447
151095;151095;40831;19627
23072;23072;4521;800
40924;40924;6732;2840
98868;98868;18619;13203
15180;15180;2219;1797
559062;559062;48150;76946
14897;14897;2749;528
31628;31628;10108;1828
84585;84585;7899;8000
14058;14058;2276;1044
40985;40985;8510;4284
20293;20293;5104;1216
34078;34078;8395;1742
52727;52727;12137;7557
27695;27695;3540;5171
152061;152061;38662;20772
42337;42337;10940;2833
34726;34726;7239;2393
128852;128852;9341;11943
73345;73345;8986;6725
61792;61792;9326;7548
79195;79195;6436;3653
58683;58683;10496;5491
47910;47910;5384;10982
378098;378098;36666;31105
542899;542899;64608;76711
225116;225116;26412;29040
90914;90914;11268;6440
40909;40909;8716;14678
29659;29659;4956;3234
12806;12806;2865;870
158383;158383;47063;33244
63251;63251;8201;6857
111564;111564;14728;12520
39188;39188;4658;4731
121065;121065;27076;26882
22908;22908;3802;2823
21038;21038;2959;1037
6105;6105;609;331
13879;13879;1463;736
5857;5857;985;383
19799;19799;916;1578
11976;11976;922;836
36534;36534;5105;1725
30150;30150;3554;1414
87697;87697;27387;8194
45621;45621;1908;4015
42521;42521;4829;2358
15342;15342;1529;852
3148;3148;194;123
208016;208016;51613;16125
6031;6031;926;305
114996;114996;2870;4578
6614;6614;1358;206
14950;14950;1470;2244
67367;67367;15858;7109
26142;26142;1973;2229
37077;37077;6763;1817
4743;4743;653;474
4075;4075;599;299
57813;57813;1743;2221
27210;27210;2832;2438
45516;45516;8446;2880
5144;5144;774;323
6061;6061;614;433
3283;3283;260;98
3562;3562;350;256
11792;11792;1515;532
14154;14154;1848;731
28439;28439;755;1898
6818;6818;906;463
10513;10513;1700;1096
48080;48080;1655;3025
13926;13926;1907;1045
10227;10227;1104;710
10692;10692;1385;765
48109;48109;6810;2145
32080;32080;7612;1781
33924;33924;9719;2178
8831;8831;1871;555
27740;27740;8214;3006
34402;34402;1441;1208
19456;19456;3078;943
7545;7545;1028;726
13184;13184;1592;976
38369;38369;4768;2718
12623;12623;1646;814
69451;69451;4547;7646
11411;11411;1455;1316
10569;10569;2423;491
11814;11814;1603;665
660448;660448;21779;107787
39685;39685;5817;2014
44437;44437;12391;2416
33194;33194;4017;1936
16612;16612;4351;656
68190;68190;4026;4838
43953;43953;1764;1982
35143;35143;1505;2575
65521;65521;9495;5270
11667;11667;1126;700
3436;3436;457;272
70641;70641;18349;7915
24894;24894;3041;2243
38972;38972;6866;1333
43182;43182;2781;1835
20107;20107;1364;1401
9287;9287;857;376
563299;563299;15682;77576
57491;57491;20337;2884
48996;48996;4454;2980
11508;11508;2096;635
9089;9089;467;506
18486;18486;803;1123
16741;16741;529;351
78153;78153;7707;9181
338391;338391;84869;53300
35630;35630;1404;1586
43560;43560;9924;2734
62779;62779;1195;946
19182;19182;1570;1181
21137;21137;700;700
115367;115367;3070;3726
100399;100399;2474;1926
1915;1915;105;198
7935;7935;185;203
7609;7609;67;127
20411;20411;1483;2168
181269;181269;3916;4270
19009;19009;1957;1033
75726;75726;4128;2326
63775;63775;1022;1165
7422;7422;170;134
322959;322959;6167;6266
44479;44479;1302;1073
103069;103069;12859;10646
31615;31615;1756;4338
284834;284834;24784;27123
10995;10995;1594;865
660486;660486;72306;169045
62380;62380;16120;5896
1934;1934;203;236
24262;24262;1230;652
70548;70548;3743;4553
24530;24530;654;447
7226;7226;143;138
23791;23791;1876;1784
445342;445342;73838;74254
1547;1547;124;48
84992;84992;13977;6474
91292;91292;20970;8202
1281666;1281666;45444;146050
72392;72392;13483;5611
181412;181412;34087;14545
49984;49984;6673;3314
373638;373638;37001;26273
129144;129144;6142;11471
62761;62761;6482;4837
597635;597635;135256;73484
174083;174083;29515;23551
152598;152598;12141;10595
5974;5974;382;692
58802;58802;13527;3551
135758;135758;5245;13749
433501;433501;80379;77787
41765;41765;4637;3383
83382;83382;9880;7121
37914;37914;5513;2995
64151;64151;7224;6808
90366;90366;8673;5575
213674;213674;32754;46884
251798;251798;27241;70602
550864;550864;115780;78064
35112;35112;1714;1883
280843;280843;4753;9680
148644;148644;22031;6680
4946;4946;771;1059
129313;129313;17484;9838
14261;14261;3004;2056
40672;40672;5534;3779
45586;45586;6645;2855
89605;89605;8954;6956
45932;45932;6433;4545
22821;22821;4675;1698
213295;213295;14996;19400
470658;470658;30023;23076
94643;94643;12727;8192
120327;120327;22127;9910
312090;312090;37579;53983
319250;319250;20505;21616
120044;120044;6677;8126
45936;45936;3610;2425
120293;120293;10784;10667
46486;46486;4366;2535
138687;138687;22413;11923
750097;750097;134063;201193
18236;18236;3335;6951
267066;267066;57133;29593
94556;94556;17299;9380
43602;43602;14653;2074
1517550;1517550;139720;230374
46302;46302;13832;2606
18080;18080;1981;1861
150336;150336;18717;7602
37546;37546;5499;6043
80023;80023;9164;4535
6556;6556;979;614
42238;42238;9684;1906
41373;41373;4321;2368
41624;41624;5490;7941
57565;57565;5501;4433
43863;43863;3703;2001
202897;202897;36253;21362
47722;47722;7250;4539
369993;369993;59179;33343
28080;28080;6069;4481
381751;381751;50950;27268
50648;50648;14573;5349
167090;167090;42637;33546
85433;85433;13519;11366
621602;621602;73361;77266
123546;123546;28942;13460
26167;26167;5432;2326
142552;142552;18523;16220
11211;11211;1226;1543
165740;165740;23943;13142
16658;16658;2505;1557
23478;23478;3226;2779
120937;120937;3077;10777
142651;142651;36181;15144
15185;15185;4356;1348
309969;309969;14788;55357
52537;52537;6947;5133
34068;34068;6331;3629
42768;42768;5727;4351
32502;32502;5170;2242
38264;38264;5117;1402
67394;67394;10625;6319
30722;30722;3945;1767
96413;96413;27648;10776
24595;24595;5485;2389
23454;23454;4960;3309
125761;125761;8974;16323
55797;55797;6032;7169
379616;379616;23455;59715
66271;66271;4160;8347
21386;21386;2877;1485
196629;196629;8949;12768
20678;20678;4721;1654
52647;52647;11069;4446
61351;61351;10897;5359
69567;69567;13390;5055
20119;20119;4163;1335
216014;216014;50256;28819
9958;9958;1691;919
35466;35466;3884;2768
28818;28818;4404;2261
36108;36108;5423;3394
66215;66215;8896;5142
91582;91582;8300;6464
110757;110757;23154;12001
320677;320677;26814;69036
19181;19181;4776;1056
253791;253791;21570;26874
104646;104646;6919;6678
29881;29881;4685;1753
37217;37217;5503;2894
164614;164614;32055;15656
3058;3058;428;219
17023;17023;620;718
3574;3574;227;101
7260;7260;793;395
28220;28220;1874;2195
35460;35460;634;1462
5364;5364;452;384
2032;2032;93;260
9094;9094;1282;416
1782;1782;187;61
9350;9350;271;391
4143;4143;380;115
13537;13537;1732;909
25897;25897;740;1940
4181;4181;363;172
7275;7275;1178;339
18741;18741;582;2115
6267;6267;476;266
4498;4498;766;295
5972;5972;160;294
3458;3458;316;172
4367;4367;617;152
7453;7453;418;422
2640;2640;169;81
7847;7847;583;742
4792;4792;234;111
2196;2196;84;108
5540;5540;1151;322
3741;3741;265;115
3139;3139;862;141
1353;1353;66;48
16481;16481;662;1625
8075;8075;826;623
1671;1671;81;189
2930;2930;163;94
2295;2295;239;300
1193;1193;74;62
5815;5815;756;334
11276;11276;1163;626
21802;21802;1833;1755
24131;24131;9409;2737
3895;3895;437;297
5832;5832;1156;317
2904;2904;190;114
4576;4576;341;557
24253;24253;6726;2008
2083;2083;211;92
2884;2884;288;269
148281;148281;3851;17449
6595;6595;1381;449
88565;88565;2204;7907
3363;3363;106;231
2693;2693;110;117
10016;10016;1126;395
2675;2675;510;156
12466;12466;206;781
7454;7454;465;356
2772;2772;1082;512
1556;1556;181;85
9050;9050;267;345
6430;6430;170;264
8849;8849;2070;537
12584;12584;2930;6728
5974;5974;248;295
21652;21652;1000;2454
2519;2519;231;107
71330;71330;10654;23639
37586;37586;5413;2893
16537;16537;2540;1087
12367;12367;2523;1122
105823;105823;17894;9676
87965;87965;9626;9497
39854;39854;5621;1632
12826;12826;3659;928
29475;29475;5507;2737
56742;56742;14133;3037
35912;35912;13045;3561
15540;15540;3736;1203
29862;29862;4075;1881
7976;7976;1374;348
33565;33565;5577;1809
48014;48014;5248;9217
14532;14532;2693;1056
46802;46802;3131;2419
569891;569891;36917;150817
11731;11731;1736;921
17423;17423;2619;1897
43156;43156;8549;5139
37279;37279;2812;3796
28806;28806;8455;2324
16625;16625;1937;466
39270;39270;6929;2246
48152;48152;7074;5229
29447;29447;3932;2585
20659;20659;5748;1471
62909;62909;4236;4642
14332;14332;2668;509
58128;58128;4983;11882
307896;307896;13125;49144
6786;6786;980;197
28105;28105;3461;2023
25578;25578;3255;1918
53563;53563;10708;3272
19797;19797;3318;1325
25522;25522;3738;2838
31115;31115;2622;2772
22295;22295;5316;869
8088;8088;1890;414
17929;17929;2683;1950
10984;10984;2549;497
44294;44294;11204;4631
17499;17499;2250;607
382032;382032;26463;55693
7954;7954;756;678
27101;27101;3222;2156
39926;39926;3927;1938
11367;11367;2154;567
31340;31340;5629;1532
39086;39086;8700;5374
49015;49015;5923;5537
24653;24653;4431;2098
20386;20386;4061;1012
91837;91837;4876;18454
27776;27776;6170;2201
26767;26767;4116;4220
69498;69498;10056;10259
11086;11086;2919;566
38961;38961;5614;4301
134768;134768;24906;7473
5740;5740;1746;614
19757;19757;4430;761
32450;32450;3600;4838
20118;20118;4026;1317
7631;7631;889;874
4945;4945;804;439
16050;16050;4780;1063
62315;62315;4296;9787
28400;28400;3130;3087
51910;51910;11093;5324
54433;54433;15377;4486
182023;182023;35364;20754
21127;21127;1547;1366
11370;11370;2421;1078
71170;71170;8985;7545
897472;897472;19154;80752
17712;17712;3192;1760
12370;12370;2899;886
153048;153048;18986;26279
130449;130449;32829;11718
51271;51271;13581;2980
7259;7259;2042;862
17667;17667;3404;1649
17808;17808;4729;902
5508;5508;1426;327
38276;38276;3105;4604
107198;107198;13282;22773
16842;16842;2148;776
34895;34895;4628;2277
23102;23102;3334;1893
126638;126638;31799;31632
88809;88809;25715;10762
55109;55109;2830;3311
13004;13004;1121;459
80130;80130;3194;5352
22497;22497;3177;1296
8854;8854;2729;565
2148;2148;532;149
38628;38628;7864;2027
23590;23590;4975;2379
6594;6594;578;493
17645;17645;4468;617
57733;57733;15445;2846
4093;4093;389;147
32359;32359;2259;1426
237974;237974;12098;30331
1392931;1392931;25181;66309
8418;8418;1711;813
729;729;161;50
17204;17204;3093;817
89306;89306;7146;11695
241767;241767;42081;16861
152415;152415;4873;9881
8866;8866;338;462
1790;1790;226;85
7976;7976;557;667
37674;37674;1146;1836
16470;16470;3633;977
34147;34147;5146;2342
32194;32194;8316;1451
20647;20647;1321;5886
12905;12905;3481;564
335227;335227;8101;8497
11549;11549;1823;1259
6516;6516;1698;534
30438;30438;4632;1910
8285;8285;775;444
26031;26031;6890;4052
46659;46659;4899;2957
7688;7688;195;467
11006;11006;3384;456
3730;3730;364;280
3864;3864;527;326
9235;9235;838;283
491675;491675;134925;80156
3206;3206;255;104
20390;20390;2473;1697
78021;78021;16444;12333
14026;14026;1725;984
3966;3966;341;312
36363;36363;5437;2832
74978;74978;23521;4358
1904;1904;181;96
3996;3996;331;352
4099;4099;195;177
7072;7072;919;312
2975;2975;109;155
6222;6222;641;1472
2218899;2218899;132557;451850
14985;14985;507;722
18561;18561;1175;944
5327;5327;1316;332
432976;432976;131805;37475
20013;20013;2197;1740
2762;2762;186;150
10248;10248;654;598
3828;3828;453;140
13120;13120;1592;883
18297;18297;1322;843
121123;121123;7111;6566
2162;2162;191;172
111360;111360;26865;10403
679622;679622;8147;14097
33001;33001;2528;1977
18576;18576;2838;1562
31242;31242;4880;1861
21804;21804;2567;1962
4344;4344;651;403
7771;7771;723;359
1622;1622;186;115
354452;354452;103382;39855
9458;9458;1750;1250
17867;17867;2524;1662
16252;16252;1216;840
14467;14467;1030;811
250158;250158;44112;19243
4872;4872;355;385
20814;20814;1599;1236
1406;1406;198;169
6928;6928;1314;471
18628;18628;1959;1018
22744;22744;1164;1303
110595;110595;10466;8757
111379;111379;7017;22154
23552;23552;3895;2162
89023;89023;23781;8386
36602;36602;1981;2641
3782;3782;272;451
8229;8229;1069;714
5369;5369;370;449
4724;4724;580;313
48073;48073;12115;3352
3400578;3400578;96499;288190
62110;62110;10274;5235
5537;5537;1111;546
6093;6093;627;441
97589;97589;24457;11442
3351;3351;244;236
73277;73277;13083;3197
569463;569463;12220;8992
32321;32321;4832;2157
22716;22716;3091;1193
41100;41100;8073;2347
31960;31960;3494;1888
23185;23185;1629;1491
33627;33627;1009;1251
3344;3344;274;219
76596;76596;12940;6994
23857;23857;1498;1441
1771;1771;389;137
8763;8763;1206;530
14391;14391;2162;1656
35604;35604;4599;3193
2207;2207;287;259
252051;252051;8824;31264
5281;5281;464;223
39326;39326;3868;2998
126811;126811;33627;7777
20785;20785;3269;2076
15446;15446;1274;884
71313;71313;18723;10151
23743;23743;5648;3267
414;414;57;145
859;859;67;94
43653;43653;1820;2444
4468;4468;231;219
356;356;46;89
3379;3379;272;133
31549;31549;2721;2215
4253;4253;274;277
48499;48499;2085;3680
14709;14709;1183;691
17762;17762;4009;719
5866;5866;509;422
19210;19210;2686;1376
15657;15657;2700;1070
15335;15335;1770;1626
70154;70154;13874;4712
22051;22051;2258;1717
3057;3057;367;270
12309;12309;1367;711
17044;17044;2439;2183
67;67;7;49
242628;242628;4704;8437
6550;6550;891;417
8205;8205;399;363
213517;213517;6225;9312
851;851;102;219
12940;12940;1337;1151
10941;10941;2272;1140
4746;4746;625;374
3738;3738;340;166
37957;37957;3549;2636
47297;47297;1517;752
39304;39304;8086;1960
2360;2360;252;157
116009;116009;6710;7417
24238;24238;3351;1720
5151;5151;593;297
9698;9698;714;610
19117;19117;2865;747
293768;293768;64945;26286
20121;20121;794;925
13048;13048;2312;2392
1426;1426;134;82
59203;59203;3502;3597
45124;45124;4347;2334
15072;15072;3143;760
15802;15802;766;1151
313645;313645;9442;17913
9006;9006;463;474
2185;2185;228;453
84966;84966;15125;7476
27026;27026;4113;1742
22756;22756;2933;1799
88495;88495;24336;7187
10016;10016;662;1475
16809;16809;585;627
41133;41133;4151;2475
113546;113546;9549;33747
7304;7304;394;298
9139;9139;2251;440
104312;104312;32331;9803
3326;3326;181;217
3047;3047;324;188
14314;14314;2084;654
13137;13137;460;567
7828;7828;934;477
887;887;244;34
16000;16000;3178;1114
43080;43080;14015;7041
11495;11495;976;619
47372;47372;8257;3136
10469;10469;1016;834
8946;8946;1326;562
22246;22246;5890;846
67138;67138;11228;6978
6186;6186;534;368
2935;2935;319;139
16361;16361;711;831
3302;3302;538;278
25224;25224;2264;1439
3186;3186;475;228
174706;174706;7542;16072
6809;6809;1010;1988
53597;53597;2471;1325
9674;9674;703;577
1393;1393;142;157
1693;1693;112;97
4077;4077;165;365
8378;8378;893;457
1446219;1446219;168366;138655
126555;126555;3700;7849
1081;1081;71;37
12761;12761;1067;597
1850;1850;243;90
28118;28118;1780;4326
104010;104010;2236;2472
812280;812280;36727;127307
13779;13779;2618;781
20871;20871;2951;1113
35291;35291;8770;1846
3404;3404;321;280
25926;25926;1151;1272
44856;44856;974;736
48140;48140;10645;1879
84088;84088;5720;4997
61758;61758;4846;5235
32663;32663;7905;3697
10909;10909;976;621
30373;30373;2183;3060
193117;193117;1365;2494
41188;41188;4581;2082
5284;5284;437;396
131664;131664;2385;8177
14676;14676;523;1134
20082;20082;2168;734
249967;249967;71017;32935
32408;32408;9137;1338
7173;7173;608;373
48793;48793;10887;2691
36752;36752;5641;2380
7322;7322;438;619
17943;17943;959;910
12182;12182;444;679
11600;11600;921;3402
6005;6005;202;350
42745;42745;4460;5159
91391;91391;4484;3544
20422;20422;971;1385
921;921;80;169
238994;238994;51448;28640
14371;14371;1113;878
10860;10860;1066;888
4735;4735;207;142
8485;8485;259;593
33779;33779;1356;1010
8238;8238;1358;548
6046;6046;754;375
12405;12405;363;408
7129;7129;1951;560
1435;1435;161;67
1961;1961;279;101
898387;898387;27025;78466
14413;14413;830;654
22763;22763;1695;505
18842;18842;723;647
29736;29736;5775;5380
40735;40735;8182;2878
25224;25224;1193;936
368536;368536;22624;12659
15215;15215;2992;1242
90354;90354;2309;2038
2509;2509;135;155
196533;196533;26641;21839
35974;35974;5414;2793
36994;36994;3167;4234
29702;29702;3564;1929
146571;146571;5493;19856
6459;6459;1708;881
45417;45417;8115;2162
6901;6901;2339;260
23233;23233;3427;2454
28226;28226;7683;2390
26277;26277;1801;744
63400;63400;4213;3238
58039;58039;5489;7593
44216;44216;4038;6298
57418;57418;10035;6717
38305;38305;3435;2003
79236;79236;17662;22428
12926;12926;2345;3449
11400;11400;3637;820
31894;31894;7762;3945
13705;13705;3647;1200
189453;189453;81468;129253
65615;65615;16384;10615
5048;5048;705;560
60371;60371;23176;4439
6871;6871;1439;657
30496;30496;10150;2990
18419;18419;3192;1405
26978;26978;2235;2467
15623;15623;3143;1083
51078;51078;15414;8905
22121;22121;6996;1830
29245;29245;6641;3314
6926;6926;2605;756
12472;12472;2638;1099
259903;259903;72725;39740
12652;12652;4142;2893
5091;5091;1784;107
34262;34262;7369;4449
9017;9017;2794;496
16395;16395;2267;846
24533;24533;7729;3984
9989;9989;2246;1885
969749;969749;248605;228178
55139;55139;16367;6904
13874;13874;3746;640
20047;20047;7024;1386
47286;47286;9262;2022
59209;59209;17594;11634
16657;16657;3381;2148
34780;34780;10043;2480
16863;16863;5979;3844
17917;17917;5245;757
15244;15244;5761;1358
11560;11560;2240;3230
37355;37355;3225;2208
86320;86320;28762;19494
262300;262300;61444;75380
57930;57930;9227;7275
2536;2536;299;181
29728;29728;8851;6681
48102;48102;12534;10815
6630;6630;2201;494
16803;16803;3765;5493
13146;13146;4622;1882
11567;11567;1100;1769
23589;23589;3107;995
169599;169599;53933;40918
25627;25627;7654;2657
13146;13146;2636;630
12520;12520;3539;1039
9207;9207;2438;490
32380;32380;3071;3673
9932;9932;2136;1027
83629;83629;8697;10319
14445;14445;3896;1085
13462;13462;5508;1232
13093;13093;1154;1568
12259;12259;2561;777
15725;15725;2258;2128
25881;25881;6597;2674
23177;23177;4100;673
19407;19407;3937;1335
61745;61745;19081;4237
22377;22377;8005;1966
19720;19720;2152;2966
33047;33047;8736;8358
280813;280813;99906;35360
35127;35127;5592;6443
6983;6983;2009;1932
8809;8809;1737;2000
85778;85778;28994;20247
20808;20808;4542;3423
67725;67725;17817;9348
30308;30308;4276;2310
23403;23403;5476;1532
35075;35075;6082;3021
33081;33081;2972;3293
17482;17482;4322;1565
90395;90395;28904;10076
92446;92446;34268;12976
6829;6829;2205;1357
12504;12504;2328;1611
44598;44598;5471;4191
31584;31584;8509;3988
51103;51103;9649;7555
16718;16718;4158;956
40123;40123;5507;4662
27599;27599;3954;2772
56297;56297;21794;13702
128283;128283;57580;61888
6299;6299;1075;4725
17367;17367;3732;9164
6349;6349;1870;1096
45049;45049;9067;23472
199184;199184;57952;42469
4289;4289;1064;1048
16897;16897;5985;6059
6303;6303;2037;1316
48411;48411;4604;15375
5665;5665;1208;2462
21498;21498;9124;28669
10377;10377;4917;7941
8346;8346;1746;2315
19279;19279;5586;15698
6837;6837;1215;4765
146437;146437;31637;35321
40468;40468;5464;19099
22354;22354;6474;5892
6867;6867;1192;2544
65269;65269;5887;28989
35135;35135;13666;13311
10290;10290;4989;2207
15416;15416;3380;6922
180150;180150;37549;46351
234403;234403;35819;110705
3904;3904;595;4445
33740;33740;7949;10474
11566;11566;4397;1020
100565;100565;23915;29994
15859;15859;3310;5128
197790;197790;37364;105467
94911;94911;16607;42478
24747;24747;6529;16767
23853;23853;5901;6850
63677;63677;16996;9180
425257;425257;93040;45644
19520;19520;4685;6596
11998;11998;2021;11526
23585;23585;5854;16075
16428;16428;1254;1142
20551;20551;5099;1801
142475;142475;13063;10448
66616;66616;3359;7821
64525;64525;1455;817
345238;345238;56458;16320
4064;4064;435;376
92948;92948;5591;6206
32603;32603;7996;2731
7260;7260;544;398
49347;49347;7814;10366
2397;2397;197;104
74698;74698;1996;2602
67194;67194;3385;2641
71558;71558;10081;2548
25953;25953;2078;1205
1737034;1737034;60376;223652
231969;231969;23780;10251
33362;33362;2422;760
19161;19161;2019;1012
68600;68600;5281;3988
10184;10184;1136;709
49405;49405;8206;3147
39564;39564;1320;1065
20984;20984;1349;837
11732;11732;1505;654
700820;700820;94935;43521
14077;14077;382;399
102979;102979;9726;8870
9872;9872;2227;526
606024;606024;110657;45921
417939;417939;6198;16655
40066;40066;4438;1276
207355;207355;26705;14861
3824;3824;695;188
55180;55180;3131;4473
166814;166814;6219;3281
40740;40740;2097;3411
222581;222581;3833;3661
15557;15557;2684;597
75905;75905;15628;5280
25535;25535;3861;3633
14702;14702;1500;961
25447;25447;5097;7028
96784;96784;7778;20829
7582;7582;1126;403
10330;10330;1653;775
7403;7403;1761;350
47579;47579;6724;3126
7160;7160;685;369
11299;11299;1735;1384
34453;34453;2225;2858
20203;20203;4752;960
32667;32667;7623;4277
12669;12669;1862;2194
68652;68652;4528;9733
28000;28000;3481;2497
42190;42190;11581;4724
200073;200073;7612;30032
16919;16919;2159;1687
22108;22108;4687;698
37710;37710;3067;2676
27329;27329;1597;1506
56598;56598;7474;4615
35519;35519;7535;3248
25957;25957;4344;1979
62980;62980;4905;4876
27078;27078;6520;1855
28253;28253;2860;3336
81866;81866;4809;11994
14583;14583;3114;533
14943;14943;3941;547
26562;26562;2395;1656
47427;47427;5321;11715
8196;8196;1414;263
7514;7514;1499;1502
9131;9131;577;737
29334;29334;5380;1481
51589;51589;13862;6721
79220;79220;5249;6328
28262;28262;1836;2041
10343;10343;1615;937
15446;15446;2175;1020
12999;12999;1816;480
16089;16089;3491;1062
7321;7321;760;636
9592;9592;1637;953
23404;23404;2266;2026
42903;42903;9982;3337
9719;9719;782;606
17693;17693;2178;2910
5873;5873;1502;254
87986;87986;5929;11561
25708;25708;2718;1076
18643;18643;4190;864
16866;16866;1107;2627
44963;44963;3123;3738
15013;15013;2822;655
226778;226778;9956;26947
13804;13804;3676;1477
15674;15674;2221;834
40631;40631;12958;5912
55195;55195;9294;6651
33557;33557;5235;2295
52468;52468;12820;7078
17243;17243;2231;2253
426526;426526;13078;36983
85897;85897;17106;10513
27961;27961;1547;1022
43287;43287;7130;4407
39858;39858;7024;3850
93142;93142;8620;13224
5088;5088;1426;287
97296;97296;14141;9710
10024;10024;985;784
49597;49597;7390;3407
33647;33647;6042;3552
19105;19105;4139;2885
22780;22780;4547;4007
6861;6861;1278;903
19100;19100;2218;1653
74021;74021;15492;11270
24316;24316;3723;2584
149577;149577;31559;12468
20187;20187;4722;1798
107120;107120;4765;12239
16137;16137;3897;894
20740;20740;1795;1070
29641;29641;3974;2494
82887;82887;8560;3880
125834;125834;8657;10375
43384;43384;4936;5161
15832;15832;3236;1331
4562;4562;274;915
940164;940164;82374;118751
40899;40899;3868;3389
35634;35634;8660;2141
36776;36776;2775;3772
160971;160971;25142;33389
82317;82317;21043;16657
7213;7213;1631;702
36804;36804;12370;3334
41319;41319;7759;2876
67182;67182;6649;5597
15822;15822;1241;1219
188831;188831;28468;16536
17924;17924;2875;1335
152307;152307;16784;10106
15347;15347;1230;1219
63155;63155;17669;9420
55225;55225;5973;8681
16196;16196;1127;1232
40664;40664;8024;2505
112646;112646;7060;7924
19680;19680;1688;1789
27010;27010;4051;3333
28056;28056;4756;1707
21033;21033;2542;1982
93759;93759;17610;10776
16036;16036;2153;1620
117493;117493;31551;16416
360767;360767;73077;89607
51731;51731;8182;5242
23154;23154;4886;1497
156763;156763;20664;27423
75555;75555;5472;11072
32014;32014;1071;646
11461;11461;623;640
33698;33698;547;2335
15639;15639;410;725
12052;12052;1364;718
5887;5887;768;368
35804;35804;728;318
12538;12538;1135;328
4882;4882;275;180
7075;7075;401;245
81607;81607;2234;1985
14573;14573;1306;717
66533;66533;1536;1444
2407;2407;80;180
25786;25786;788;1111
8807;8807;424;605
26560;26560;1056;482
5920;5920;362;198
37613;37613;816;1768
18251;18251;373;2675
19742;19742;1512;378
8289;8289;239;296
6644;6644;514;238
