date,open,high,low,close,volume,adj_close
2019-01-02,37.67,39.48,39.71,38.56,148158800,38.72
2019-01-03,33.92,35.55,36.43,35.5,365248800,35.99
2019-01-04,35.36,37.06,37.14,35.95,234428400,36.13
2019-01-07,35.28,36.98,37.21,36.47,219111200,37.17
2019-01-08,35.96,37.69,37.96,37.13,164101200,37.39
2019-01-09,36.57,38.33,38.63,37.41,180396400,37.82
2019-01-10,36.68,38.45,38.49,37.72,143122800,38.12
2019-01-11,36.32,38.07,38.42,37.88,108092800,38.22
2019-01-14,35.78,37.5,37.82,37.31,129756800,37.71
2019-01-15,36.51,38.27,38.35,37.51,114843600,37.57
2019-01-16,36.96,38.74,38.97,38.25,122278800,38.27
2019-01-17,37.18,38.97,39.42,38.31,119284800,38.55
2019-01-18,37.4,39.21,39.47,38.99,135004000,39.38
2019-01-22,36.57,38.33,39.18,38.15,121576000,39.1
2019-01-23,36.71,38.48,38.78,37.92,92522400,38.54
2019-01-24,36.42,38.17,38.62,37.94,101766000,38.53
2019-01-25,37.63,39.44,39.53,38.58,134142000,38.87
2019-01-28,37.28,39.08,39.08,38.42,104768400,38.95
2019-01-29,36.89,38.67,39.53,38.53,166348800,39.06
2019-01-30,39.42,41.31,41.54,40.06,244439200,40.81
2019-01-31,39.7,41.61,42.25,41.14,162958400,41.53
2019-02-01,39.72,41.63,42.24,41.48,130672400,41.74
2019-02-04,40.85,42.81,42.92,41.82,125982000,41.85
2019-02-05,41.55,43.54,43.77,43.09,144406400,43.22
2019-02-06,41.56,43.56,43.89,43.21,112958400,43.66
2019-02-07,40.77,42.74,43.49,42.58,126966800,43.1
2019-02-08,40.82,42.6,42.67,42.1,95280000,42.25
2019-02-11,40.59,42.36,42.8,42.31,83973600,42.76
2019-02-12,40.94,42.72,42.75,42.42,89134000,42.53
2019-02-13,40.77,42.54,43.12,42.48,89960800,42.85
2019-02-14,40.91,42.7,42.81,42.35,87342800,42.43
2019-02-15,40.82,42.6,42.92,42.44,98507200,42.81
2019-02-19,40.95,42.73,42.86,42.37,75891200,42.43
2019-02-20,41.21,43.01,43.33,42.75,104457600,42.8
2019-02-21,40.98,42.76,43.09,42.58,68998800,42.95
2019-02-22,41.43,43.24,43.25,42.85,75652800,42.9
2019-02-25,41.74,43.56,43.97,43.49,87493600,43.54
2019-02-26,41.76,43.58,43.83,43.29,68280800,43.43
2019-02-27,41.89,43.72,43.75,43.18,111341600,43.3
2019-02-28,41.48,43.29,43.73,43.23,112861600,43.58
2019-03-01,41.91,43.74,43.79,43.22,103544800,43.57
2019-03-04,42.12,43.96,44.44,43.49,109744800,43.92
2019-03-05,42.05,43.88,44.0,43.63,78949600,43.99
2019-03-06,41.81,43.63,43.87,43.49,83241600,43.67
2019-03-07,41.32,43.12,43.61,43.01,99185600,43.47
2019-03-08,41.42,43.23,43.27,42.38,95997600,42.58
2019-03-11,42.85,44.72,44.78,43.84,128044000,43.87
2019-03-12,43.34,45.23,45.67,44.84,129870400,45.0
2019-03-13,43.53,45.43,45.83,45.23,124130000,45.56
2019-03-14,44.01,45.93,46.03,45.64,94318000,45.97
2019-03-15,44.58,46.53,46.83,45.94,156171600,46.21
2019-03-18,45.04,47.01,47.1,46.45,104879200,46.45
2019-03-19,44.68,46.63,47.25,46.48,126585600,47.09
2019-03-20,45.07,47.04,47.37,46.18,124140800,46.56
2019-03-21,46.73,48.77,49.08,47.45,204136800,47.51
2019-03-22,45.76,47.76,49.42,47.69,169630800,48.83
2019-03-25,45.21,47.19,47.99,46.65,175381200,47.88
2019-03-26,44.74,46.7,48.22,46.15,199202000,47.92
2019-03-27,45.15,47.12,47.44,46.64,119393600,47.19
2019-03-28,45.21,47.18,47.39,46.88,83121600,47.24
2019-03-29,45.5,47.49,47.52,47.13,94256000,47.46
2019-04-01,45.81,47.81,47.92,47.1,111448000,47.91
2019-04-02,46.48,48.51,48.62,47.76,91062800,47.77
2019-04-03,46.79,48.84,49.12,48.29,93087200,48.31
2019-04-04,46.88,48.92,49.09,48.28,76457200,48.7
2019-04-05,47.19,49.25,49.28,48.98,74106400,49.11
2019-04-08,47.93,50.03,50.06,49.08,103526800,49.1
2019-04-09,47.79,49.88,50.71,49.81,143072800,50.08
2019-04-10,48.06,50.15,50.19,49.54,86781200,49.67
2019-04-11,47.66,49.74,50.25,49.61,83603200,50.21
2019-04-12,47.64,49.72,50.03,49.05,111042800,49.8
2019-04-15,47.72,49.81,49.96,49.5,70146400,49.65
2019-04-16,47.73,49.81,50.34,49.64,102785600,49.87
2019-04-17,48.66,50.78,50.85,49.65,115627200,49.88
2019-04-18,48.83,50.97,51.04,50.63,96783200,50.78
2019-04-22,48.99,51.13,51.24,50.58,77758000,50.71
2019-04-23,49.7,51.87,51.94,50.97,93292000,51.11
2019-04-24,49.62,51.79,52.12,51.76,70162400,51.84
2019-04-25,49.17,51.32,51.94,51.28,74172800,51.71
2019-04-26,48.94,51.08,51.25,50.53,74596400,51.22
2019-04-29,49.01,51.15,51.49,50.97,88818800,51.1
2019-04-30,48.07,50.17,50.85,49.78,186139600,50.76
2019-05-01,50.43,52.63,53.83,52.31,259309200,52.47
2019-05-02,50.1,52.29,53.16,52.03,127985200,52.46
2019-05-03,50.72,52.94,52.96,52.56,83569600,52.72
2019-05-06,49.94,52.12,52.21,50.88,129772400,51.07
2019-05-07,48.59,50.72,51.85,50.21,155054800,51.47
2019-05-08,48.6,50.72,51.33,50.44,105358000,50.47
2019-05-09,48.08,50.18,50.42,49.17,139634400,50.1
2019-05-10,47.42,49.29,49.71,48.19,164834800,49.35
2019-05-13,44.66,46.43,47.37,45.71,229722400,46.93
2019-05-14,45.37,47.17,47.42,46.35,146118800,46.6
2019-05-15,45.91,47.73,47.94,46.51,106178800,46.57
2019-05-16,45.71,47.52,48.12,47.21,132125600,47.48
2019-05-17,45.45,47.25,47.72,46.69,131516400,46.73
2019-05-20,44.03,45.77,46.09,45.07,154449200,45.88
2019-05-21,44.87,46.65,47.0,46.17,113459200,46.31
2019-05-22,43.95,45.69,46.43,45.64,118994400,46.17
2019-05-23,43.2,44.92,45.13,44.45,146118800,44.95
2019-05-24,43.04,44.74,45.53,44.65,94858800,45.05
2019-05-28,42.86,44.56,45.15,44.48,111792800,44.73
2019-05-29,42.65,44.35,44.84,44.0,113924800,44.1
2019-05-30,42.88,44.58,44.81,44.17,84873600,44.49
2019-05-31,42.1,43.77,44.5,43.75,108174400,44.06
2019-06-03,41.67,43.33,44.48,42.57,161584400,43.9
2019-06-04,43.2,44.91,44.96,43.63,123872000,43.86
2019-06-05,43.89,45.63,46.25,45.28,119093600,46.07
2019-06-06,44.54,46.31,46.37,45.54,90105200,45.77
2019-06-07,45.72,47.54,47.98,46.44,122737600,46.63
2019-06-10,46.31,48.15,48.84,47.9,104883600,47.95
2019-06-11,46.85,48.7,49.0,48.4,107731600,48.72
2019-06-12,46.7,48.55,48.99,48.35,73012800,48.49
2019-06-13,46.69,48.54,49.2,48.4,86698400,48.67
2019-06-14,46.35,48.19,48.4,47.58,75046000,47.89
2019-06-17,46.62,48.47,48.74,48.04,58676400,48.22
2019-06-18,47.72,49.61,50.07,48.8,106204000,49.01
2019-06-19,47.58,49.47,49.97,49.33,84496800,49.92
2019-06-20,47.96,49.87,50.15,49.51,86056000,50.09
2019-06-21,47.8,49.69,50.21,49.54,191202400,49.7
2019-06-24,47.75,49.65,50.04,49.54,72881600,49.63
2019-06-25,47.03,48.89,49.81,48.82,84281200,49.61
2019-06-26,48.05,49.95,50.25,49.34,104270000,49.44
2019-06-27,48.03,49.94,50.39,49.89,83598800,50.07
2019-06-28,47.59,49.48,49.88,49.26,124442400,49.67
2019-07-01,48.47,50.39,51.12,50.16,109012000,50.79
2019-07-02,48.75,50.68,50.78,50.34,67740800,50.35
2019-07-03,49.15,51.1,51.11,50.67,45448000,50.82
2019-07-05,49.11,51.06,51.27,50.72,69062000,50.84
2019-07-08,48.1,50.01,50.35,49.6,101354400,50.2
2019-07-09,48.39,50.31,50.38,49.7,82312000,49.8
2019-07-10,48.87,50.81,50.93,50.39,71588400,50.46
2019-07-11,48.51,50.44,51.1,50.43,80767200,50.83
2019-07-12,48.89,50.83,51.0,50.55,70380800,50.61
2019-07-15,49.35,51.3,51.47,51.0,67789600,51.02
2019-07-16,49.18,51.12,51.53,50.88,67467200,51.15
2019-07-17,48.9,50.84,51.27,50.82,56430000,51.01
2019-07-18,49.45,51.42,51.47,50.92,74162400,51.0
2019-07-19,48.72,50.65,51.62,50.59,83717200,51.45
2019-07-22,49.83,51.81,51.81,50.9,89111600,50.91
2019-07-23,50.22,52.21,52.23,51.82,73420800,52.12
2019-07-24,50.18,52.17,52.29,51.79,59966400,51.92
2019-07-25,49.78,51.76,52.31,51.68,55638400,52.22
2019-07-26,49.95,51.94,52.43,51.78,70475600,51.87
2019-07-29,50.42,52.42,52.66,52.11,86693600,52.12
2019-07-30,50.2,52.19,52.54,51.83,135742800,52.19
2019-07-31,51.23,53.26,55.34,52.83,277125600,54.1
2019-08-01,50.12,52.11,54.51,51.69,216071600,53.47
2019-08-02,49.06,51.01,51.61,50.41,163448400,51.38
2019-08-05,46.49,48.33,49.66,48.15,209572000,49.5
2019-08-06,47.37,49.25,49.52,48.51,143299200,49.08
2019-08-07,47.86,49.76,49.89,48.46,133457600,48.85
2019-08-08,48.92,50.86,50.88,49.85,108038000,50.05
2019-08-09,48.51,50.25,50.69,49.82,98478800,50.33
2019-08-12,48.39,50.12,50.51,49.79,89927600,49.9
2019-08-13,50.44,52.24,53.03,50.12,188874000,50.26
2019-08-14,48.94,50.69,51.61,50.65,146189600,50.79
2019-08-15,48.7,50.44,51.28,49.92,108909600,50.87
2019-08-16,49.84,51.62,51.79,50.96,110481600,51.07
2019-08-19,50.77,52.59,53.18,52.51,97654400,52.65
2019-08-20,50.78,52.59,53.34,52.58,107537200,52.72
2019-08-21,51.33,53.16,53.41,52.9,86141600,53.25
2019-08-22,51.28,53.12,53.61,52.69,89014800,53.3
2019-08-23,48.91,50.66,53.01,50.25,187272000,52.36
2019-08-26,49.84,51.62,51.8,51.26,104174400,51.47
2019-08-27,49.28,51.04,52.14,50.88,103493200,51.97
2019-08-28,49.61,51.38,51.43,50.83,63755200,51.03
2019-08-29,50.45,52.25,52.33,51.67,83962000,52.12
2019-08-30,50.39,52.19,52.61,51.8,84573600,52.54
2019-09-03,49.65,51.42,51.74,51.06,80092000,51.61
2019-09-04,50.49,52.3,52.37,51.83,76752400,52.1
2019-09-05,51.48,53.32,53.49,52.88,95654800,53.0
2019-09-06,51.48,53.31,53.6,53.13,77449200,53.51
2019-09-09,51.7,53.54,54.11,52.77,109237600,53.71
2019-09-10,52.31,54.17,54.19,52.93,127111600,53.47
2019-09-11,53.97,55.9,55.93,54.43,177158400,54.52
2019-09-12,53.85,55.77,56.6,55.72,128906800,56.2
2019-09-13,52.8,54.69,55.2,54.26,159053200,55.0
2019-09-16,53.08,54.97,55.03,54.39,84632400,54.43
2019-09-17,53.27,55.17,55.21,54.78,73274800,54.99
2019-09-18,53.77,55.69,55.71,54.86,101360000,55.26
2019-09-19,53.34,55.24,55.94,55.09,88242400,55.5
2019-09-20,52.56,54.43,55.64,54.37,221652400,55.35
2019-09-23,52.79,54.68,54.96,54.41,76662000,54.74
2019-09-24,52.54,54.42,55.62,54.3,124763200,55.26
2019-09-25,53.35,55.26,55.38,54.28,87613600,54.64
2019-09-26,53.08,54.97,55.24,54.71,75334000,55.0
2019-09-27,52.82,54.71,55.24,54.32,101408000,55.13
2019-09-30,54.06,55.99,56.15,55.2,103909600,55.22
2019-10-01,54.21,56.15,57.06,56.05,139223200,56.27
2019-10-02,52.85,54.74,55.9,54.48,138449200,55.76
2019-10-03,53.3,55.21,55.24,53.78,114426000,54.61
2019-10-04,54.8,56.75,56.87,55.97,138478800,56.41
2019-10-07,54.81,56.76,57.48,56.46,122306000,56.57
2019-10-08,54.17,56.1,57.01,56.08,111820000,56.46
2019-10-09,54.8,56.76,56.95,56.41,74770400,56.76
2019-10-10,55.54,57.52,57.61,56.83,113013600,56.98
2019-10-11,57.02,59.05,59.41,58.08,166795600,58.24
2019-10-14,56.93,58.97,59.53,58.67,96427600,58.72
2019-10-15,56.8,58.83,59.41,58.72,87360000,59.1
2019-10-16,56.57,58.59,58.81,58.3,73903200,58.34
2019-10-17,56.79,58.82,59.04,58.38,67585200,58.77
2019-10-18,57.06,59.1,59.4,58.57,97433600,58.65
2019-10-21,58.05,60.13,60.25,59.33,87247200,59.38
2019-10-22,57.92,59.99,60.55,59.9,82293600,60.29
2019-10-23,58.7,60.79,60.81,60.31,75828800,60.53
2019-10-24,58.8,60.9,61.2,60.45,69275200,61.13
2019-10-25,59.52,61.65,61.68,60.72,73477200,60.79
2019-10-28,60.12,62.26,62.31,61.68,96572800,61.85
2019-10-29,58.73,60.82,62.44,60.64,142839600,62.24
2019-10-30,58.72,60.81,61.33,60.3,124522000,61.19
2019-10-31,60.05,62.19,62.29,59.31,139162000,61.81
2019-11-01,61.75,63.96,63.98,62.29,151125200,62.38
2019-11-04,62.16,64.38,64.46,63.85,103272000,64.33
2019-11-05,62.07,64.28,64.55,64.08,79897600,64.26
2019-11-06,62.09,64.31,64.37,63.84,75864400,64.19
2019-11-07,62.81,64.86,65.09,64.53,94940400,64.68
2019-11-08,62.98,65.04,65.11,64.21,69986400,64.67
2019-11-11,63.48,65.55,65.62,64.57,81821200,64.57
2019-11-12,63.42,65.49,65.7,65.23,87388800,65.39
2019-11-13,64.03,66.12,66.19,65.27,102734400,65.28
2019-11-14,63.59,65.66,66.22,65.53,89182800,65.94
2019-11-15,64.34,66.44,66.44,65.75,100206400,65.92
2019-11-18,64.67,66.78,66.86,66.06,86703200,66.45
2019-11-19,64.47,66.57,67.0,66.35,76167200,66.97
2019-11-20,63.72,65.8,66.52,65.1,106234400,66.39
2019-11-21,63.43,65.5,66.0,65.29,121395200,65.92
2019-11-22,63.38,65.44,65.79,65.21,65325200,65.65
2019-11-25,64.49,66.59,66.61,65.63,84020400,65.68
2019-11-26,63.99,66.07,66.79,65.62,105207600,66.74
2019-11-27,64.85,66.96,67.0,66.33,65235600,66.39
2019-11-29,64.7,66.81,67.0,66.47,46617600,66.65
2019-12-02,63.95,66.04,67.06,65.86,94487200,66.82
2019-12-03,62.81,64.86,64.88,64.07,114430400,64.58
2019-12-04,63.37,65.43,65.83,65.17,67181600,65.27
2019-12-05,64.3,66.39,66.47,65.68,74424400,65.95
2019-12-06,65.54,67.68,67.75,66.82,106075600,66.87
2019-12-09,64.62,66.73,67.7,66.23,128042400,67.5
2019-12-10,65.0,67.12,67.52,66.46,90420400,67.15
2019-12-11,65.55,67.69,67.78,67.12,78756800,67.2
2019-12-12,65.72,67.86,68.14,66.83,137310400,66.94
2019-12-13,66.62,68.79,68.82,67.73,133587600,67.86
2019-12-16,67.76,69.96,70.2,69.25,128186000,69.25
2019-12-17,67.89,70.1,70.44,69.7,114158400,69.89
2019-12-18,67.73,69.93,70.47,69.78,116028400,69.95
2019-12-19,67.79,70.0,70.29,69.74,98369200,69.88
2019-12-20,67.65,69.86,70.66,69.64,275978000,70.56
2019-12-23,68.76,71.0,71.06,70.09,98572000,70.13
2019-12-24,68.82,71.07,71.22,70.73,48478800,71.17
2019-12-26,70.19,72.48,72.5,71.18,93121200,71.21
2019-12-27,70.16,72.45,73.49,72.03,146266000,72.78
2019-12-30,70.58,72.88,73.17,71.31,144114400,72.36
2019-12-31,71.09,73.41,73.42,72.38,100805600,72.48
2020-01-02,72.72,75.09,75.15,73.8,135480400,74.06
2020-01-03,72.01,74.36,75.14,74.12,146322800,74.29
2020-01-06,72.58,74.95,74.99,73.19,118387200,73.45
2020-01-07,72.24,74.6,75.22,74.37,108872000,74.96
2020-01-08,73.4,75.8,76.11,74.29,132079200,74.29
2020-01-09,74.96,77.41,77.61,76.55,170108400,76.81
2020-01-10,75.13,77.58,78.17,77.06,140644800,77.65
2020-01-13,76.74,79.24,79.27,77.79,121532000,77.91
2020-01-14,75.7,78.17,79.39,78.04,161954400,79.18
2020-01-15,75.38,77.83,78.88,77.39,121923600,77.96
2020-01-16,76.32,78.81,78.93,78.02,108829200,78.4
2020-01-17,77.17,79.68,79.68,78.75,137816400,79.07
2020-01-21,76.64,79.14,79.75,79.0,110843200,79.3
2020-01-22,76.92,79.43,80.0,79.33,101832400,79.64
2020-01-23,77.29,79.81,79.89,78.91,104472000,79.48
2020-01-24,77.06,79.58,80.83,79.38,146537600,80.06
2020-01-27,74.8,77.24,77.94,76.22,161940000,77.51
2020-01-28,76.91,79.42,79.6,78.05,162234000,78.15
2020-01-29,78.52,81.08,81.96,80.35,216229200,81.11
2020-01-30,78.41,80.97,81.02,79.69,126743200,80.14
2020-01-31,74.93,77.38,80.67,77.07,199588400,80.23
2020-02-03,74.73,77.17,78.37,75.56,173788400,76.07
2020-02-04,77.19,79.71,79.91,78.41,136616400,78.83
2020-02-05,77.82,80.36,81.19,79.74,118826800,80.88
2020-02-06,78.73,81.3,81.31,80.07,105425600,80.64
2020-02-07,77.66,80.01,80.85,79.5,117684000,80.59
2020-02-10,78.03,80.39,80.39,78.46,109348800,78.54
2020-02-11,77.56,79.9,80.97,79.68,94323200,80.9
2020-02-12,79.4,81.8,81.81,80.37,113730400,80.37
2020-02-13,78.84,81.22,81.56,80.84,94747600,81.05
2020-02-14,78.86,81.24,81.5,80.71,80113600,81.18
2020-02-18,77.41,79.75,79.94,78.65,152531200,78.84
2020-02-19,78.54,80.9,81.14,80.0,93984000,80.0
2020-02-20,77.73,80.07,81.16,79.55,100566000,80.66
2020-02-21,75.97,78.26,80.11,77.62,129554000,79.65
2020-02-24,72.36,74.54,76.04,72.31,222195200,74.32
2020-02-25,69.91,72.02,75.63,71.53,230673600,75.24
2020-02-26,71.02,73.16,74.47,71.62,198054800,71.63
2020-02-27,66.38,68.38,71.5,68.24,320605600,70.28
2020-02-28,66.34,68.34,69.6,64.09,426510000,64.32
2020-03-02,72.51,74.7,75.36,69.43,341397200,70.57
2020-03-03,70.21,72.33,76.0,71.45,319475600,75.92
2020-03-04,73.47,75.68,75.85,73.28,219178400,74.11
2020-03-05,71.09,73.23,74.89,72.85,187572800,73.88
2020-03-06,70.14,72.26,72.71,70.31,226176800,70.5
2020-03-09,64.59,66.54,69.52,65.75,286744800,65.94
2020-03-10,69.25,71.33,71.61,67.34,285290000,69.29
2020-03-11,66.84,68.86,70.31,67.96,255598800,69.35
2020-03-12,60.24,62.06,67.5,62.0,418474000,63.99
2020-03-13,67.46,69.49,69.98,63.24,370732000,66.22
2020-03-16,58.78,60.55,64.77,60.0,322423600,60.49
2020-03-17,61.36,63.22,64.4,59.6,324056000,61.88
2020-03-18,59.86,61.67,62.5,59.28,300233600,59.94
2020-03-19,59.4,61.19,63.21,60.65,271857200,61.85
2020-03-20,55.63,57.31,62.96,57.0,401693200,61.79
2020-03-23,54.45,56.09,57.12,53.15,336752800,57.02
2020-03-24,59.91,61.72,61.92,58.58,287531200,59.09
2020-03-25,59.58,61.38,64.56,61.08,303602000,62.69
2020-03-26,62.72,64.61,64.67,61.59,252087200,61.63
2020-03-27,60.12,61.94,63.97,61.76,204216800,63.19
2020-03-30,61.84,63.7,63.88,62.35,167976400,62.69
2020-03-31,61.71,63.57,65.62,63.0,197002000,63.9
2020-04-01,58.46,60.23,62.18,59.78,176218400,61.62
2020-04-02,59.44,61.23,61.29,59.22,165934000,60.08
2020-04-03,58.59,60.35,61.42,59.74,129880000,60.7
2020-04-06,63.7,65.62,65.78,62.35,201820400,62.72
2020-04-07,62.96,64.86,67.93,64.75,202887200,67.7
2020-04-08,64.57,66.52,66.84,65.31,168895200,65.68
2020-04-09,65.04,67.0,67.52,66.18,161834800,67.18
2020-04-13,66.31,68.31,68.43,66.46,131022800,67.08
2020-04-14,69.66,71.76,72.06,69.51,194994800,70.0
2020-04-15,69.03,71.11,71.58,70.16,131154400,70.6
2020-04-16,69.57,71.67,72.05,70.59,157125200,71.85
2020-04-17,68.63,70.7,71.74,69.21,215250000,71.17
2020-04-20,67.21,69.23,70.42,69.21,130015200,69.49
2020-04-21,65.13,67.09,69.31,66.36,180991600,69.07
2020-04-22,67.0,69.03,69.47,68.05,116862400,68.4
2020-04-23,66.74,68.76,70.44,68.72,124814400,68.97
2020-04-24,68.67,70.74,70.75,69.25,126161200,69.3
2020-04-27,68.72,70.79,71.14,69.99,117087600,70.45
2020-04-28,67.61,69.64,71.46,69.55,112004800,71.27
2020-04-29,69.83,71.93,72.42,70.97,137280800,71.18
2020-04-30,71.3,73.45,73.63,72.09,183064000,72.49
2020-05-01,70.15,72.27,74.75,71.46,240616800,71.56
2020-05-04,71.14,73.29,73.42,71.58,133568000,72.29
2020-05-05,72.21,74.39,75.25,73.61,147751200,73.76
2020-05-06,72.96,75.16,75.81,74.72,142333600,75.11
2020-05-07,73.71,75.93,76.29,75.49,115215200,75.81
2020-05-08,75.47,77.53,77.59,76.07,133838400,76.41
2020-05-11,76.65,78.75,79.26,76.81,145946400,77.03
2020-05-12,75.78,77.85,79.92,77.73,162301200,79.46
2020-05-13,74.86,76.91,78.99,75.8,200622400,78.04
2020-05-14,75.32,77.39,77.45,75.38,158929200,76.13
2020-05-15,74.88,76.93,76.97,75.05,166348400,75.09
2020-05-18,76.64,78.74,79.12,77.58,135178400,78.29
2020-05-19,76.2,78.29,79.63,78.25,101729600,78.76
2020-05-20,77.68,79.81,79.88,79.13,111504800,79.17
2020-05-21,77.1,79.21,80.22,78.97,102688800,79.67
2020-05-22,77.6,79.72,79.81,78.84,81803200,78.94
2020-05-26,77.07,79.18,81.06,79.12,125522000,80.88
2020-05-27,77.41,79.53,79.68,78.27,112945200,79.04
2020-05-28,77.44,79.56,80.86,78.91,133560800,79.19
2020-05-29,77.37,79.49,80.29,79.12,153532400,79.81
2020-06-01,78.32,80.46,80.59,79.3,80791200,79.44
2020-06-02,78.68,80.83,80.86,79.73,87642800,80.19
2020-06-03,79.11,81.28,81.55,80.57,104491200,81.17
2020-06-04,78.43,80.58,81.4,80.19,87560400,81.1
2020-06-05,80.67,82.88,82.94,80.81,137250400,80.84
2020-06-08,81.14,83.36,83.4,81.83,95654400,82.56
2020-06-09,83.71,86.0,86.4,83.0,147712400,83.04
2020-06-10,85.86,88.21,88.69,86.52,166651600,86.97
2020-06-11,81.74,83.97,87.76,83.87,201662400,87.33
2020-06-12,82.44,84.7,86.95,83.56,200146000,86.18
2020-06-15,83.46,85.75,86.42,83.14,138808800,83.31
2020-06-16,85.67,88.02,88.3,86.18,165428800,87.86
2020-06-17,85.55,87.9,88.85,87.77,114406400,88.79
2020-06-18,85.59,87.93,88.36,87.31,96820400,87.85
2020-06-19,85.1,87.43,89.14,86.29,264476000,88.66
2020-06-22,87.33,89.72,89.86,87.79,135445200,87.83
2020-06-23,89.19,91.63,93.1,90.57,212155600,91.0
2020-06-24,87.62,90.01,92.2,89.63,192623200,91.25
2020-06-25,88.78,91.21,91.25,89.39,137522400,90.18
2020-06-26,86.05,88.41,91.33,88.25,205256800,91.1
2020-06-29,88.03,90.44,90.54,87.82,130646000,88.31
2020-06-30,88.77,91.2,91.5,90.0,140223200,90.02
2020-07-01,88.6,91.03,91.84,90.98,110737200,91.28
2020-07-02,88.6,91.03,92.62,90.91,114041600,91.96
2020-07-06,90.97,93.46,93.94,92.47,118655600,92.5
2020-07-07,90.69,93.17,94.65,93.06,112424400,93.85
2020-07-08,92.8,95.34,95.38,94.09,117092000,94.18
2020-07-09,93.2,95.75,96.32,94.67,125642800,96.26
2020-07-10,93.36,95.92,95.98,94.71,90257200,95.33
2020-07-13,92.93,95.48,99.96,95.26,191649200,97.26
2020-07-14,94.47,97.06,97.25,93.88,170989200,94.84
2020-07-15,95.12,97.72,99.25,96.49,153198000,98.99
2020-07-16,93.95,96.52,97.4,95.9,110577600,96.56
2020-07-17,93.76,96.33,97.15,95.84,92186800,96.99
2020-07-20,95.74,98.36,98.5,96.06,90318000,96.42
2020-07-21,94.41,97.0,99.25,96.74,103433200,99.17
2020-07-22,94.68,97.27,97.97,96.6,89001600,96.69
2020-07-23,90.37,92.85,97.08,92.01,197004400,97.0
2020-07-24,90.15,92.61,92.97,89.14,185438800,90.99
2020-07-27,92.28,94.81,94.9,93.48,121214000,93.71
2020-07-28,90.77,93.25,94.55,93.25,103625600,94.37
2020-07-29,92.51,95.04,95.23,93.71,90329200,93.75
2020-07-30,93.63,96.19,96.3,93.77,158130000,94.19
2020-07-31,103.43,106.26,106.42,100.82,374336800,102.89
2020-08-03,106.03,108.94,111.64,107.89,308151200,108.2
2020-08-04,106.74,109.67,110.79,108.39,173071600,109.13
2020-08-05,107.13,110.06,110.39,108.9,121776800,109.38
2020-08-06,110.87,113.9,114.41,109.8,202428800,110.4
2020-08-07,108.35,111.11,113.68,110.29,198045600,113.21
2020-08-10,109.92,112.73,113.78,110.0,212403600,112.6
2020-08-11,106.65,109.38,112.48,109.11,187902400,111.97
2020-08-12,110.2,113.01,113.28,110.3,165598000,110.5
2020-08-13,112.15,115.01,116.04,113.93,210082000,114.43
2020-08-14,112.05,114.91,115.0,113.04,165565200,114.83
2020-08-17,111.75,114.61,116.09,113.96,119561600,116.06
2020-08-18,112.68,115.56,116.0,114.01,105633600,114.35
2020-08-19,112.83,115.71,117.16,115.61,145538000,115.98
2020-08-20,115.33,118.28,118.39,115.73,126907200,115.75
2020-08-21,121.27,124.37,124.87,119.25,338054800,119.26
2020-08-24,122.72,125.86,128.79,123.94,345937600,128.7
2020-08-25,121.72,124.82,125.18,123.05,211495600,124.7
2020-08-26,123.37,126.52,126.99,125.08,163022400,126.18
2020-08-27,121.9,125.01,127.49,123.83,155552400,127.14
2020-08-28,121.7,124.81,126.44,124.58,187630000,126.01
2020-08-31,125.83,129.04,131.0,126.0,225702700,127.58
2020-09-01,130.84,134.18,134.8,130.53,151948100,132.76
2020-09-02,128.13,131.4,137.98,127.0,200119000,137.59
2020-09-03,117.87,120.88,128.84,120.5,257599600,126.91
2020-09-04,117.95,120.96,123.7,110.89,332607200,120.07
2020-09-08,110.01,112.82,118.99,112.68,231366600,113.95
2020-09-09,114.4,117.32,119.14,115.26,176940500,117.26
2020-09-10,110.66,113.49,120.5,112.5,182274400,120.36
2020-09-11,109.21,112.0,115.23,110.0,180860300,114.57
2020-09-14,112.49,115.36,115.93,112.8,140150100,114.72
2020-09-15,112.66,115.54,118.83,113.61,184642000,118.33
2020-09-16,109.34,112.13,116.0,112.04,154679000,115.23
2020-09-17,107.59,110.34,112.2,108.71,178011000,109.72
2020-09-18,104.18,106.84,110.88,106.09,287104900,110.4
2020-09-21,107.34,110.08,110.19,103.1,195713800,104.54
2020-09-22,109.03,111.81,112.86,109.16,183055400,112.68
2020-09-23,104.45,107.12,112.11,106.77,150718700,111.62
2020-09-24,105.53,108.22,110.25,105.0,167743300,105.17
2020-09-25,109.48,112.28,112.44,107.67,149981400,108.43
2020-09-28,112.1,114.96,115.32,112.78,137672400,115.01
2020-09-29,111.25,114.09,115.31,113.57,99382200,114.55
2020-09-30,112.93,115.81,117.26,113.62,142675200,113.79
2020-10-01,113.88,116.79,117.72,115.83,116120400,117.64
2020-10-02,110.21,113.02,115.37,112.22,144712000,112.89
2020-10-05,113.6,116.5,116.65,113.55,106243800,113.91
2020-10-06,110.34,113.16,116.12,112.25,161498200,115.7
2020-10-07,112.21,115.08,115.55,114.13,96849000,114.62
2020-10-08,112.11,114.97,116.4,114.59,83477200,116.25
2020-10-09,114.06,116.97,117.0,114.92,100506900,115.28
2020-10-12,121.3,124.4,125.18,119.28,240226800,120.06
2020-10-13,118.08,121.1,125.39,119.65,262330500,125.27
2020-10-14,118.17,121.19,123.03,119.62,150712000,121.0
2020-10-15,117.7,120.71,121.2,118.15,112559200,118.72
2020-10-16,116.06,119.02,121.55,118.81,115393800,121.28
2020-10-19,113.09,115.98,120.42,115.66,120639300,119.96
2020-10-20,114.58,117.51,118.98,115.63,124423700,116.2
2020-10-21,113.96,116.87,118.71,116.45,89946000,116.67
2020-10-22,112.87,115.75,118.04,114.59,101988000,117.45
2020-10-23,112.18,115.04,116.55,114.28,82572600,116.39
2020-10-26,112.19,115.05,116.55,112.88,111850700,114.01
2020-10-27,113.7,116.6,117.28,114.54,92276800,115.49
2020-10-28,108.43,111.2,115.43,111.1,143937800,115.05
2020-10-29,112.45,115.32,116.93,112.2,146129200,112.37
2020-10-30,106.15,108.86,111.99,107.72,190272600,111.06
2020-11-02,106.06,108.77,110.68,107.32,122866900,109.11
2020-11-03,107.69,110.44,111.49,108.73,107624400,109.66
2020-11-04,112.09,114.95,115.59,112.35,138235500,114.14
2020-11-05,116.07,119.03,119.62,116.87,126387100,117.95
2020-11-06,115.93,118.69,119.2,116.13,114457900,118.32
2020-11-09,113.62,116.32,121.99,116.05,154515300,120.5
2020-11-10,113.28,115.97,117.59,114.13,138023400,115.55
2020-11-11,116.72,119.49,119.63,116.44,112295000,117.19
2020-11-12,116.44,119.21,120.53,118.57,103162300,119.62
2020-11-13,116.49,119.26,119.67,117.87,81581900,119.44
2020-11-16,117.51,120.3,120.99,118.15,91183000,118.92
2020-11-17,116.62,119.39,120.67,118.96,74271000,119.55
2020-11-18,115.29,118.03,119.82,118.0,76322100,118.61
2020-11-19,115.89,118.64,119.06,116.81,74113000,117.59
2020-11-20,114.62,117.34,118.77,117.29,73604300,118.64
2020-11-23,111.21,113.85,117.62,113.75,127959300,117.18
2020-11-24,112.5,115.17,115.85,112.59,113874200,113.91
2020-11-25,113.34,116.03,116.75,115.17,76499200,115.55
2020-11-27,113.88,116.59,117.49,116.22,46691300,116.57
2020-11-30,116.29,119.05,120.97,116.81,169410200,116.97
2020-12-01,119.87,122.72,123.47,120.01,127728200,121.01
2020-12-02,120.22,123.08,123.37,120.89,89004200,122.02
2020-12-03,120.09,122.94,123.78,122.21,78967600,123.52
2020-12-04,119.41,122.25,122.86,121.52,78260400,122.6
2020-12-07,120.88,123.75,124.57,122.25,86712000,122.31
2020-12-08,121.49,124.38,124.98,123.09,82225500,124.37
2020-12-09,118.95,121.78,125.95,121.0,115089200,124.53
2020-12-10,120.38,123.24,123.87,120.15,81312200,120.5
2020-12-11,119.57,122.41,122.76,120.55,86939800,122.43
2020-12-14,118.95,121.78,123.35,121.54,79184500,122.6
2020-12-15,124.91,127.88,127.9,124.13,157243700,124.34
2020-12-16,124.84,127.81,128.37,126.56,98208600,127.41
2020-12-17,125.71,128.7,129.58,128.04,94359800,128.9
2020-12-18,123.72,126.66,129.1,126.12,192541500,128.96
2020-12-21,125.25,128.23,128.31,123.45,121251600,125.02
2020-12-22,128.82,131.88,134.41,129.65,168904800,131.61
2020-12-23,127.92,130.96,132.43,130.78,88223700,132.16
2020-12-24,128.91,131.97,133.46,131.1,54930100,131.32
2020-12-28,133.52,136.69,137.34,133.51,124486200,133.99
2020-12-29,131.74,134.87,138.79,134.34,121047300,138.05
2020-12-30,130.62,133.72,135.99,133.4,96452100,135.58
2020-12-31,129.61,132.69,134.74,131.72,99116600,134.08
2021-01-04,126.41,129.41,133.61,126.76,143301900,133.52
2021-01-05,127.97,131.01,131.74,128.43,97664900,128.89
2021-01-06,123.66,126.6,131.05,126.38,155088000,127.72
2021-01-07,127.88,130.92,131.63,127.86,109578200,128.36
2021-01-08,128.98,132.05,132.63,130.23,105158200,132.43
2021-01-11,125.99,128.98,130.17,128.5,100384500,129.19
2021-01-12,125.81,128.8,129.69,126.86,91951100,128.5
2021-01-13,127.85,130.89,131.45,128.49,88636800,128.76
2021-01-14,125.92,128.91,131.0,128.76,90221800,130.8
2021-01-15,124.19,127.14,130.22,127.0,111598500,128.78
2021-01-19,124.86,127.83,128.71,126.94,90757300,127.78
2021-01-20,128.96,132.03,132.49,128.55,104319500,128.66
2021-01-21,133.69,136.87,139.67,133.59,120150900,133.8
2021-01-22,135.84,139.07,139.85,135.02,114459400,136.28
2021-01-25,139.6,142.92,145.09,136.54,157611700,143.07
2021-01-26,139.84,143.16,144.3,141.37,98390600,143.6
2021-01-27,138.76,142.06,144.3,140.41,140843800,143.43
2021-01-28,133.91,137.09,141.99,136.7,142621100,139.52
2021-01-29,128.9,131.96,136.74,130.21,177523800,135.83
2021-02-01,131.03,134.14,135.38,130.93,106239800,133.75
2021-02-02,131.86,134.99,136.31,134.61,83305400,135.73
2021-02-03,130.83,133.94,135.77,133.61,89880900,135.76
2021-02-04,134.2,137.39,137.4,134.59,84183100,136.3
2021-02-05,133.78,136.76,137.42,135.86,75693800,137.35
2021-02-08,133.93,136.91,136.96,134.92,71297200,136.03
2021-02-09,133.05,136.01,137.88,135.85,76774200,136.62
2021-02-10,132.44,135.39,136.99,134.4,73046600,136.48
2021-02-11,132.19,135.13,136.39,133.77,64280000,135.9
2021-02-12,132.42,135.37,135.53,133.69,60145100,134.35
2021-02-16,130.29,133.19,136.01,132.79,80576300,135.49
2021-02-17,127.99,130.84,132.22,129.47,97918500,131.25
2021-02-18,126.89,129.71,130.0,127.41,96856700,129.2
2021-02-19,127.04,129.87,130.71,128.8,87668800,130.24
2021-02-22,123.26,126.0,129.72,125.6,103916400,128.01
2021-02-23,123.12,125.86,126.71,118.39,158273000,123.76
2021-02-24,122.62,125.35,125.56,122.23,111039900,124.94
2021-02-25,118.36,120.99,126.46,120.54,148199500,124.68
2021-02-26,118.62,121.26,124.85,121.2,164560400,122.59
2021-03-01,125.01,127.79,127.93,122.79,116307900,123.75
2021-03-02,122.4,125.12,128.72,125.01,102260900,128.41
2021-03-03,119.4,122.06,125.71,121.84,112966300,124.81
2021-03-04,117.52,120.13,123.6,118.62,178155000,121.75
2021-03-05,118.78,121.42,121.94,117.57,153766600,120.98
2021-03-08,113.83,116.36,121.0,116.21,154376600,120.93
2021-03-09,118.46,121.09,122.06,118.79,129525800,119.03
2021-03-10,117.37,119.98,122.17,119.45,111943300,121.69
2021-03-11,119.31,121.96,123.21,121.26,103026500,122.54
2021-03-12,118.4,121.03,121.17,119.16,88105100,120.4
2021-03-15,121.29,123.99,124.0,120.42,92403800,121.41
2021-03-16,122.84,125.57,127.22,124.72,115227900,125.7
2021-03-17,122.05,124.76,125.86,122.34,111932600,124.05
2021-03-18,117.91,120.53,123.18,120.32,121229700,122.88
2021-03-19,117.38,119.99,121.43,119.68,185549500,119.9
2021-03-22,120.71,123.39,123.87,120.26,111912300,120.33
2021-03-23,119.87,122.54,124.24,122.14,95467100,123.33
2021-03-24,117.48,120.09,122.9,120.07,88530500,122.82
2021-03-25,117.97,120.59,121.66,119.0,98844700,119.54
2021-03-26,118.57,121.21,121.48,118.92,94071200,120.35
2021-03-29,118.75,121.39,122.58,120.73,80819200,121.65
2021-03-30,117.29,119.9,120.4,118.86,85671900,120.11
2021-03-31,119.49,122.15,123.52,121.15,118323800,121.65
2021-04-01,120.32,123.0,124.18,122.49,75089100,123.66
2021-04-05,123.16,125.9,126.16,123.07,88651200,123.87
2021-04-06,123.46,126.21,127.13,125.65,80171300,126.5
2021-04-07,125.12,127.9,127.92,125.14,83466700,125.83
2021-04-08,127.52,130.36,130.39,128.52,88844600,128.95
2021-04-09,130.11,133.0,133.04,129.47,106686700,129.8
2021-04-12,128.38,131.24,132.85,130.63,91420000,132.52
2021-04-13,131.5,134.43,134.66,131.93,91266500,132.44
2021-04-14,129.16,132.03,135.0,131.66,87222800,134.94
2021-04-15,131.57,134.5,135.0,133.64,89347100,133.82
2021-04-16,131.24,134.16,134.67,133.28,84922400,134.3
2021-04-19,131.91,134.84,135.47,133.34,94264200,133.51
2021-04-20,130.21,133.11,135.53,131.81,94812300,135.02
2021-04-21,130.6,133.5,133.75,131.3,68847100,132.36
2021-04-22,129.07,131.94,134.15,131.41,84566500,133.04
2021-04-23,131.4,134.32,135.12,132.16,78657500,132.16
2021-04-26,131.79,134.72,135.06,133.56,66905100,134.83
2021-04-27,131.47,134.39,135.41,134.11,66015800,135.01
2021-04-28,130.67,133.58,135.02,133.08,107760100,134.31
2021-04-29,130.58,133.48,137.07,132.45,151101000,136.47
2021-04-30,128.6,131.46,133.56,131.07,109839500,131.78
2021-05-03,129.66,132.54,134.07,131.83,75135100,132.04
2021-05-04,125.07,127.85,131.49,126.7,137564700,131.19
2021-05-05,125.31,128.1,130.45,127.97,84000900,129.2
2021-05-06,126.92,129.74,129.75,127.13,78128300,127.89
2021-05-07,127.59,130.21,131.26,129.48,78973300,130.85
2021-05-10,124.3,126.85,129.54,126.81,88071200,129.41
2021-05-11,123.38,125.91,126.27,122.77,126142800,123.5
2021-05-12,120.3,122.77,124.64,122.25,112172300,123.4
2021-05-13,122.46,124.97,126.15,124.26,105861300,124.58
2021-05-14,124.89,127.45,127.89,125.85,81918000,126.25
2021-05-17,123.73,126.27,126.93,125.17,74244600,126.82
2021-05-18,122.34,124.85,126.99,124.78,63342900,126.56
2021-05-19,122.18,124.69,124.92,122.86,92612000,123.16
2021-05-20,124.75,127.31,127.72,125.1,76857100,125.23
2021-05-21,122.91,125.43,128.0,125.21,79295400,127.82
2021-05-24,124.55,127.1,127.94,125.94,63092900,126.01
2021-05-25,124.35,126.9,128.32,126.32,72009500,127.82
2021-05-26,124.3,126.85,127.39,126.42,56575900,126.96
2021-05-27,122.76,125.28,127.64,125.08,94625600,126.44
2021-05-28,122.11,124.61,125.8,124.55,71311100,125.57
2021-06-01,121.78,124.28,125.35,123.94,67637100,125.08
2021-06-02,122.55,125.06,125.24,124.05,59278900,124.28
2021-06-03,121.06,123.54,124.85,123.13,76229200,124.68
2021-06-04,123.36,125.89,126.16,123.85,75169300,124.07
2021-06-07,123.37,125.9,126.32,124.83,71057600,126.17
2021-06-08,124.19,126.74,128.46,126.21,74403800,126.6
2021-06-09,124.57,127.13,127.75,126.52,56877900,127.21
2021-06-10,123.58,126.11,128.19,125.94,71186400,127.02
2021-06-11,124.79,127.35,127.44,126.1,53522400,126.53
2021-06-14,127.86,130.48,130.54,127.07,96906500,127.82
2021-06-15,127.03,129.64,130.6,129.39,62746300,129.94
2021-06-16,127.53,130.15,130.89,128.46,91815000,130.37
2021-06-17,129.14,131.79,132.55,129.65,96721700,129.8
2021-06-18,127.84,130.46,131.51,130.24,108953300,130.71
2021-06-21,129.64,132.3,132.41,129.21,79663300,130.3
2021-06-22,131.29,133.98,134.08,131.62,74783600,132.13
2021-06-23,131.01,133.7,134.32,133.23,60214200,133.77
2021-06-24,130.73,133.41,134.64,132.93,68711000,134.45
2021-06-25,130.43,133.11,133.89,132.81,70783700,133.46
2021-06-28,132.07,134.78,135.25,133.35,62111300,133.41
2021-06-29,133.59,136.33,136.49,134.35,64556100,134.8
2021-06-30,134.21,136.96,137.41,135.87,63261400,136.17
2021-07-01,134.51,137.27,137.33,135.76,52485800,136.6
2021-07-02,137.15,139.96,140.0,137.75,78852600,137.9
2021-07-06,139.17,142.02,143.15,140.07,108181800,140.07
2021-07-07,141.66,144.57,144.89,142.66,104911600,143.54
2021-07-08,140.36,143.24,144.06,140.67,105575500,141.58
2021-07-09,142.19,145.11,145.65,142.65,99890800,142.75
2021-07-12,141.6,144.5,146.32,144.0,76299700,146.21
2021-07-13,142.71,145.64,147.46,143.63,100827100,144.03
2021-07-14,146.15,149.15,149.57,147.68,127050800,148.1
2021-07-15,145.5,148.48,150.0,147.09,106820300,149.24
2021-07-16,143.45,146.39,149.76,145.88,93251400,148.46
2021-07-19,139.59,142.45,144.07,141.67,121434600,143.75
2021-07-20,143.21,146.15,147.1,142.96,96350000,143.46
2021-07-21,142.48,145.4,146.13,144.63,74993500,145.53
2021-07-22,143.85,146.8,148.2,145.81,77338200,145.94
2021-07-23,145.57,148.56,148.72,146.92,71447400,147.55
2021-07-26,146.0,148.99,149.83,147.7,72434100,148.27
2021-07-27,143.82,146.77,149.21,145.55,104818600,149.12
2021-07-28,142.07,144.98,146.97,142.54,118931200,144.81
2021-07-29,142.71,145.64,146.55,144.58,56699500,144.69
2021-07-30,142.93,145.86,146.33,144.11,70440600,144.38
2021-08-02,142.6,145.52,146.95,145.25,62880000,146.36
2021-08-03,144.4,147.36,148.04,145.18,64786600,145.81
2021-08-04,144.0,146.95,147.79,146.28,56368300,147.27
2021-08-05,144.1,147.06,147.84,146.17,46397700,146.98
2021-08-06,143.42,146.14,147.11,145.63,54126800,146.35
2021-08-09,143.37,146.09,146.7,145.52,48908700,146.2
2021-08-10,142.89,145.6,147.71,145.3,69023100,146.44
2021-08-11,143.14,145.86,146.72,145.53,48493500,146.05
2021-08-12,146.12,148.89,149.05,145.84,72282600,146.19
2021-08-13,146.32,149.1,149.44,148.27,59375000,148.97
2021-08-16,148.3,151.12,151.19,146.47,103296000,148.54
2021-08-17,147.39,150.19,151.68,149.09,92229700,150.23
2021-08-18,143.63,146.36,150.72,146.15,86326000,149.8
2021-08-19,143.97,146.7,148.0,144.5,86960300,145.03
2021-08-20,145.43,148.19,148.5,146.78,60549600,147.44
2021-08-23,146.92,149.71,150.19,147.89,60131800,148.31
2021-08-24,146.83,149.62,150.86,149.15,48606400,149.45
2021-08-25,145.6,148.36,150.32,147.8,58991300,149.81
2021-08-26,144.79,147.54,149.12,147.51,48597200,148.35
2021-08-27,145.83,148.6,148.75,146.83,55802400,147.48
2021-08-30,150.27,153.12,153.49,148.61,90956700,149.0
2021-08-31,149.0,151.83,152.8,151.29,86453100,152.66
2021-09-01,149.67,152.51,154.98,152.34,80313700,152.83
2021-09-02,150.79,153.65,154.72,152.4,71115500,153.87
2021-09-03,151.43,154.3,154.63,153.09,57808700,153.76
2021-09-07,153.77,156.69,157.26,154.39,82278300,154.97
2021-09-08,152.22,155.11,157.04,153.98,74420200,156.98
2021-09-09,151.2,154.07,156.11,153.95,57305700,155.49
2021-09-10,146.19,148.97,155.48,148.7,140893200,155.0
2021-09-13,146.76,149.55,151.42,148.75,102404300,150.63
2021-09-14,145.36,148.12,151.07,146.91,109296300,150.35
2021-09-15,146.25,149.03,149.44,146.37,83281300,148.56
2021-09-16,146.02,148.79,148.97,147.22,68034100,148.44
2021-09-17,143.34,146.06,148.82,145.76,129868800,148.82
2021-09-20,140.28,142.94,144.84,141.27,123478900,143.8
2021-09-21,140.76,143.43,144.6,142.78,75834000,143.93
2021-09-22,143.13,145.85,146.43,143.7,76404300,144.45
2021-09-23,144.09,146.83,147.08,145.64,64838200,146.65
2021-09-24,144.18,146.92,147.47,145.56,53477900,145.66
2021-09-27,142.66,145.37,145.96,143.82,74150700,145.47
2021-09-28,139.27,141.91,144.75,141.69,108972300,143.25
2021-09-29,140.17,142.83,144.45,142.03,74602000,142.47
2021-09-30,138.86,141.5,144.38,141.28,89056700,143.66
2021-10-01,139.99,142.65,142.92,139.11,94639600,141.9
2021-10-04,136.55,139.14,142.21,138.27,98322000,141.76
2021-10-05,138.48,141.11,142.24,139.36,80861100,139.49
2021-10-06,139.35,142.0,142.15,138.37,83221100,139.47
2021-10-07,140.62,143.29,144.22,142.72,61732700,143.06
2021-10-08,140.24,142.9,144.18,142.56,58773200,144.03
2021-10-11,140.15,142.81,144.81,141.81,64452200,142.27
2021-10-12,138.87,141.51,143.25,141.04,73035900,143.23
2021-10-13,138.28,140.91,141.4,139.2,78762700,141.24
2021-10-14,141.08,143.76,143.88,141.51,69907100,142.11
2021-10-15,142.14,144.84,144.9,143.51,67940300,143.77
2021-10-18,143.82,146.55,146.84,143.16,85589200,143.45
2021-10-19,145.99,148.76,149.17,146.55,76378900,147.01
2021-10-20,146.48,149.26,149.75,148.12,58418800,148.7
2021-10-21,146.7,149.48,149.64,147.87,61421000,148.81
2021-10-22,145.92,148.69,150.18,148.64,58883400,149.69
2021-10-25,145.87,148.64,149.37,147.62,50720600,148.68
2021-10-26,146.54,149.32,150.84,149.01,60893400,149.33
2021-10-27,146.08,148.85,149.73,148.49,56094900,149.36
2021-10-28,149.73,152.57,153.17,149.72,100077900,149.82
2021-10-29,147.01,149.8,149.94,146.41,124953200,147.22
2021-11-01,146.18,148.96,149.7,147.8,74588300,148.99
2021-11-02,147.23,150.02,151.57,148.65,69122000,148.66
2021-11-03,148.67,151.49,151.97,149.82,54511500,150.39
2021-11-04,148.15,150.96,152.43,150.64,60394600,151.58
2021-11-05,148.68,151.28,152.2,150.06,65463900,151.89
2021-11-08,147.85,150.44,151.57,150.16,55020900,151.41
2021-11-09,148.22,150.81,151.43,150.06,56787900,150.2
2021-11-10,145.38,147.92,150.13,147.85,65187100,150.02
2021-11-11,145.33,147.87,149.43,147.68,41000000,148.96
2021-11-12,147.41,149.99,150.4,147.48,63804000,148.43
2021-11-15,147.42,150.0,151.88,149.43,59222800,150.37
2021-11-16,148.4,151.0,151.49,149.34,59256200,149.94
2021-11-17,150.85,153.49,155.0,150.99,88807000,151.0
2021-11-18,155.16,157.87,158.67,153.05,137827700,153.71
2021-11-19,157.79,160.55,161.02,156.53,117305600,157.65
2021-11-22,158.25,161.02,165.7,161.0,117467900,161.68
2021-11-23,158.63,161.41,161.8,159.06,96041900,161.12
2021-11-24,159.16,161.94,162.14,159.64,69463600,160.75
2021-11-26,154.11,156.81,160.45,156.36,76959800,159.57
2021-11-29,157.48,160.24,161.19,158.79,88748200,159.37
2021-11-30,162.46,165.3,165.52,159.92,174048100,159.99
2021-12-01,161.94,164.77,170.3,164.53,152052500,167.48
2021-12-02,160.94,163.76,164.2,157.8,136739200,158.74
2021-12-03,159.06,161.84,164.96,159.72,118023100,164.02
2021-12-06,162.48,165.32,167.88,164.28,107497000,164.29
2021-12-07,168.24,171.18,171.58,168.34,120405400,169.08
2021-12-08,172.07,175.08,175.96,170.7,116998900,172.13
2021-12-09,171.56,174.56,176.75,173.92,108923700,174.91
2021-12-10,176.36,179.45,179.63,174.69,115402700,175.21
2021-12-13,172.72,175.74,182.13,175.53,153237000,181.12
2021-12-14,171.33,174.33,177.74,172.21,139380400,175.25
2021-12-15,176.22,179.3,179.5,172.31,131063300,175.11
2021-12-16,169.3,172.26,181.14,170.75,150185800,179.28
2021-12-17,168.2,171.14,173.47,169.69,195432700,169.93
2021-12-20,166.83,169.75,170.58,167.46,107499100,168.28
2021-12-21,170.02,172.99,173.2,169.12,91185900,171.56
2021-12-22,172.62,175.64,175.86,172.15,92135300,173.04
2021-12-23,173.25,176.28,176.85,175.27,68356600,175.85
2021-12-27,177.23,180.33,180.42,177.07,74919600,177.09
2021-12-28,176.21,179.29,181.33,178.53,79144300,180.16
2021-12-29,176.3,179.38,180.63,178.14,62348900,179.33
2021-12-30,175.14,178.2,180.57,178.09,59773000,179.47
2021-12-31,174.52,177.57,179.23,177.26,64062300,178.09
2022-01-03,178.88,182.01,182.88,177.71,104487900,177.83
2022-01-04,176.61,179.7,182.94,179.12,99310400,182.63
2022-01-05,171.91,174.92,180.17,174.64,94537600,179.61
2022-01-06,169.04,172.0,175.3,171.64,96904000,172.7
2022-01-07,169.21,172.17,174.14,171.03,86709100,172.89
2022-01-10,169.23,172.19,172.5,168.17,106765600,169.08
2022-01-11,172.07,175.08,175.18,170.82,76138300,172.32
2022-01-12,172.51,175.53,177.18,174.82,74805200,176.12
2022-01-13,169.23,172.19,176.62,171.79,84505800,175.78
2022-01-14,170.09,173.07,173.78,171.09,80440800,171.34
2022-01-18,166.88,169.8,172.54,169.41,90956700,171.51
2022-01-19,163.37,166.23,171.08,165.94,94815000,170.0
2022-01-20,161.68,164.51,169.68,164.18,91420500,166.98
2022-01-21,159.62,162.41,166.33,162.3,122848900,164.42
2022-01-24,158.84,161.62,162.3,154.7,162294600,160.02
2022-01-25,157.03,159.78,162.76,157.02,115798400,158.98
2022-01-26,156.94,159.69,164.39,157.82,108275300,163.5
2022-01-27,156.48,159.22,163.84,158.28,121954600,162.45
2022-01-28,167.4,170.33,170.35,162.8,179935700,165.71
2022-01-31,171.77,174.78,175.0,169.51,115541600,170.16
2022-02-01,171.61,174.61,174.84,172.31,86213900,174.01
2022-02-02,172.82,175.84,175.88,173.33,84914300,174.75
2022-02-03,169.93,172.9,176.24,172.12,89418100,174.48
2022-02-04,169.64,172.39,174.1,170.68,82465400,171.68
2022-02-07,168.92,171.66,173.95,170.95,77251200,172.86
2022-02-08,172.04,174.83,175.35,171.43,74829200,171.73
2022-02-09,173.47,176.28,176.65,174.9,71285000,176.05
2022-02-10,169.38,172.12,175.48,171.55,90865900,174.14
2022-02-11,165.95,168.64,173.08,168.04,98670700,172.33
2022-02-14,166.19,168.88,169.58,166.56,86185500,167.37
2022-02-15,170.03,172.79,172.95,170.25,62527400,170.97
2022-02-16,169.8,172.55,173.34,170.05,61177400,171.85
2022-02-17,166.19,168.88,171.91,168.47,69589300,171.03
2022-02-18,164.63,167.3,170.54,166.19,82772700,169.82
2022-02-22,161.7,164.32,166.69,162.15,91162800,164.98
2022-02-23,157.52,160.07,166.15,159.75,90009200,165.54
2022-02-24,160.15,162.74,162.85,152.0,141147500,152.58
2022-02-25,162.22,164.85,165.12,160.87,91974200,163.84
2022-02-28,162.49,165.12,165.42,162.43,95056600,163.06
2022-03-01,160.6,163.2,166.6,161.97,83474400,164.7
2022-03-02,163.9,166.56,167.36,162.95,79724800,164.39
2022-03-03,163.58,166.23,168.91,165.55,76678400,168.47
2022-03-04,160.57,163.17,165.55,162.1,83737200,164.49
2022-03-07,156.76,159.3,165.02,159.04,96418800,163.36
2022-03-08,154.93,157.44,162.88,155.8,131148300,158.82
2022-03-09,160.35,162.95,163.41,159.41,91454900,161.48
2022-03-10,155.99,158.52,160.39,155.98,105342000,160.2
2022-03-11,152.26,154.73,159.28,154.5,96970100,158.93
2022-03-14,148.22,150.62,154.12,150.1,108732100,151.45
2022-03-15,152.62,155.09,155.57,150.38,92964300,150.9
2022-03-16,157.05,159.59,160.0,154.46,102300200,157.05
2022-03-17,158.06,160.62,161.0,157.63,75615400,158.61
2022-03-18,161.37,163.98,164.48,159.76,123511700,160.51
2022-03-21,162.74,165.38,166.35,163.01,95811400,163.51
2022-03-22,166.13,168.82,169.42,164.91,81532000,165.51
2022-03-23,167.5,170.21,172.64,167.65,98062700,167.99
2022-03-24,171.29,174.07,174.14,170.21,90131400,171.06
2022-03-25,171.93,174.72,175.28,172.75,80546200,173.88
2022-03-28,172.8,175.6,175.73,172.0,90371900,172.17
2022-03-29,176.11,178.96,179.01,176.34,100589400,176.69
2022-03-30,174.94,177.77,179.61,176.7,92633200,178.55
2022-03-31,171.83,174.61,178.03,174.4,103049300,177.84
2022-04-01,171.53,174.31,174.88,171.94,78751300,174.03
2022-04-04,175.59,178.44,178.49,174.44,76468400,174.57
2022-04-05,172.27,175.06,178.3,174.42,73401800,177.5
2022-04-06,169.09,171.83,173.63,170.13,89058800,172.36
2022-04-07,169.4,172.14,173.36,169.85,77594700,171.16
2022-04-08,167.38,170.09,171.78,169.2,76575500,171.78
2022-04-11,163.11,165.75,169.03,165.5,72246700,168.71
2022-04-12,164.99,167.66,169.87,166.64,79265200,168.02
2022-04-13,167.68,170.4,171.04,166.77,70618900,167.39
2022-04-14,162.65,165.29,171.27,165.04,75329400,170.62
2022-04-18,162.44,165.07,166.6,163.57,69023900,163.92
2022-04-19,164.73,167.4,167.82,163.91,67723800,165.02
2022-04-20,164.56,167.23,168.88,166.1,67929800,168.76
2022-04-21,163.77,166.42,171.53,165.91,87227800,168.91
2022-04-22,159.21,161.79,167.87,161.5,84882400,166.46
2022-04-25,160.28,162.88,163.17,158.46,96046400,161.12
2022-04-26,154.3,156.8,162.34,156.72,95623200,162.25
2022-04-27,154.07,156.57,159.79,155.38,88063200,155.91
2022-04-28,161.03,163.64,164.52,158.93,130216800,159.25
2022-04-29,155.14,157.65,166.2,157.25,131747600,161.84
2022-05-02,155.44,157.96,158.23,153.27,123055300,156.71
2022-05-03,156.94,159.48,160.71,156.32,88966500,158.15
2022-05-04,163.37,166.02,166.48,159.26,108256500,159.67
2022-05-05,154.27,156.77,164.08,154.95,130525300,163.85
2022-05-06,155.0,157.28,159.44,154.18,116124600,156.01
2022-05-09,149.86,152.06,155.83,151.49,131577900,154.93
2022-05-10,152.27,154.51,156.74,152.93,115366700,155.52
2022-05-11,144.38,146.5,155.45,145.81,142689800,153.5
2022-05-12,140.49,142.56,146.2,138.8,182602000,142.77
2022-05-13,144.98,147.11,148.1,143.11,113990900,144.59
2022-05-16,143.43,145.54,147.52,144.18,86643800,145.55
2022-05-17,147.08,149.24,149.77,146.68,78336300,148.86
2022-05-18,138.78,140.82,147.36,139.9,109742900,146.85
2022-05-19,135.36,137.35,141.66,136.6,136095600,139.88
2022-05-20,135.6,137.59,140.7,132.61,137426100,139.09
2022-05-23,141.04,143.11,143.26,137.65,117726300,137.79
2022-05-24,138.32,140.36,141.97,137.33,104132700,140.81
2022-05-25,138.48,140.52,141.79,138.34,92482700,138.43
2022-05-26,141.7,143.78,144.34,137.14,90601500,137.39
2022-05-27,147.47,149.64,149.68,145.26,90978500,145.39
2022-05-31,146.68,148.84,150.66,146.84,103718400,149.07
2022-06-01,146.55,148.71,151.74,147.68,74286600,149.9
2022-06-02,149.02,151.21,151.27,146.86,72348100,147.83
2022-06-03,143.27,145.38,147.97,144.46,88570300,146.9
2022-06-06,144.02,146.14,148.57,144.9,71598400,147.03
2022-06-07,146.55,148.71,149.0,144.1,67808200,144.35
2022-06-08,145.81,147.96,149.87,147.46,53950200,148.58
2022-06-09,140.57,142.64,147.95,142.53,69473000,147.08
2022-06-10,135.14,137.13,140.76,137.06,91437900,140.28
2022-06-13,129.97,131.88,135.2,131.44,122207100,132.87
2022-06-14,130.84,132.76,133.89,131.48,84784300,133.13
2022-06-15,133.47,135.43,137.34,132.16,91533000,134.29
2022-06-16,128.17,130.06,132.39,129.04,108123900,132.08
2022-06-17,129.65,131.56,133.08,129.81,134520300,130.07
2022-06-21,133.9,135.87,137.06,133.32,81000500,133.42
2022-06-22,133.39,135.35,137.76,133.91,73409200,134.79
2022-06-23,136.27,138.27,138.59,135.63,72433800,136.82
2022-06-24,139.61,141.66,141.91,139.77,89116800,139.9
2022-06-27,139.61,141.66,143.49,140.97,70207900,142.7
2022-06-28,135.45,137.44,143.42,137.32,67083400,142.13
2022-06-29,137.21,139.23,140.67,136.67,66242400,137.46
2022-06-30,134.74,136.72,138.37,133.77,98964500,137.25
2022-07-01,136.92,138.93,139.04,135.66,71051600,136.04
2022-07-05,139.51,141.56,141.61,136.93,73353800,137.77
2022-07-06,140.85,142.92,144.12,141.08,74064300,141.35
2022-07-07,144.23,146.35,146.55,143.28,66253700,143.29
2022-07-08,144.91,147.04,147.55,145.0,64547800,145.26
2022-07-11,142.77,144.87,146.64,143.78,63141600,145.67
2022-07-12,143.75,145.86,148.45,145.05,77588800,145.76
2022-07-13,143.38,145.49,146.45,142.12,71185600,142.99
2022-07-14,146.32,148.47,148.95,143.25,78140700,144.08
2022-07-15,147.99,150.17,150.86,148.2,76259900,149.78
2022-07-18,144.94,147.07,151.57,146.7,81420900,150.74
2022-07-19,148.81,151.0,151.23,146.91,82982400,147.92
2022-07-20,150.82,153.04,153.72,150.37,64823400,151.12
2022-07-21,153.1,155.35,155.57,151.94,65086600,154.5
2022-07-22,151.86,154.09,156.28,153.41,66675400,155.39
2022-07-25,150.73,152.95,155.04,152.28,53623900,154.01
2022-07-26,149.4,151.6,153.09,150.8,55138700,152.26
2022-07-27,154.52,156.79,157.33,152.16,78620700,152.58
2022-07-28,155.07,157.35,157.64,154.41,81378700,156.98
2022-07-29,160.15,162.51,163.63,159.5,101786900,161.24
2022-08-01,159.17,161.51,163.59,160.89,67829400,161.01
2022-08-02,157.69,160.01,162.41,159.63,59907000,160.1
2022-08-03,163.72,166.13,166.59,160.75,82507500,160.84
2022-08-04,163.41,165.81,167.19,164.43,55474100,166.01
2022-08-05,163.18,165.35,165.85,163.0,56697000,163.21
2022-08-08,162.71,164.87,167.81,164.2,60276900,166.37
2022-08-09,162.75,164.92,165.82,163.25,63135500,164.02
2022-08-10,167.02,169.24,169.34,166.9,70170500,167.68
2022-08-11,166.28,168.49,170.99,168.19,57149200,170.06
2022-08-12,169.84,172.1,172.17,169.4,68039400,169.82
2022-08-15,170.92,173.19,173.39,171.35,54091700,171.52
2022-08-16,170.76,173.03,173.71,171.66,56377100,172.78
2022-08-17,172.26,174.55,176.15,172.57,79542000,172.77
2022-08-18,171.86,174.15,174.9,173.12,62290100,173.75
2022-08-19,169.27,171.52,173.74,171.31,70346300,173.03
2022-08-22,165.37,167.57,169.86,167.14,69026800,169.69
2022-08-23,165.03,167.23,168.71,166.65,54147100,167.08
2022-08-24,165.33,167.53,168.11,166.25,53841500,167.32
2022-08-25,167.8,170.03,170.14,168.35,51218200,168.78
2022-08-26,161.47,163.62,171.05,163.56,78961000,170.57
2022-08-29,159.26,161.38,162.9,159.82,73314000,161.15
2022-08-30,156.82,158.91,162.56,157.72,77906200,162.13
2022-08-31,155.16,157.22,160.58,157.14,87991100,160.31
2022-09-01,155.89,157.96,158.42,154.67,74229900,156.64
2022-09-02,153.76,155.81,160.36,154.97,76957800,159.75
2022-09-06,152.5,154.53,157.09,153.69,73714800,156.47
2022-09-07,153.91,155.96,156.67,153.61,87449600,154.82
2022-09-08,152.43,154.46,156.36,152.68,84923800,154.64
2022-09-09,155.3,157.37,157.82,154.75,68028800,155.47
2022-09-12,161.28,163.43,164.26,159.3,104956000,159.59
2022-09-13,151.82,153.84,160.54,153.37,122656600,159.9
2022-09-14,153.27,155.31,157.1,153.61,87965400,154.79
2022-09-15,150.37,152.37,155.24,151.38,90481100,154.65
2022-09-16,148.72,150.7,151.35,148.37,162278800,151.21
2022-09-19,152.45,154.48,154.56,149.1,81474200,149.31
2022-09-20,154.84,156.9,158.08,153.08,107689800,153.4
2022-09-21,151.7,153.72,158.74,153.6,101696800,157.34
2022-09-22,150.73,152.74,154.47,150.91,86652500,152.38
2022-09-23,148.45,150.43,151.47,148.56,96029900,151.19
2022-09-26,148.79,150.77,153.77,149.64,93339400,149.66
2022-09-27,149.77,151.76,154.72,149.95,84442700,152.74
2022-09-28,147.87,149.84,150.64,144.84,146691400,147.64
2022-09-29,140.61,142.48,146.72,140.68,128138200,146.1
2022-09-30,136.39,138.2,143.1,138.0,124925300,141.28
2022-10-03,140.58,142.45,143.07,137.69,114311700,138.21
2022-10-04,144.18,146.1,146.22,144.26,87830100,145.03
2022-10-05,144.48,146.4,147.38,143.01,79471000,144.07
2022-10-06,143.52,145.43,147.54,145.22,68402200,145.81
2022-10-07,138.25,140.09,143.1,139.45,85925600,142.54
2022-10-10,138.58,140.42,141.89,138.57,74899000,140.42
2022-10-11,137.16,138.98,141.35,138.22,77033700,139.9
2022-10-12,136.52,138.34,140.36,138.16,70433700,139.13
2022-10-13,141.11,142.99,143.59,134.37,113224000,134.99
2022-10-14,136.56,138.38,144.52,138.19,88598000,144.31
2022-10-17,140.54,142.41,142.9,140.27,85250900,141.07
2022-10-18,141.86,143.75,146.7,140.61,99136600,145.49
2022-10-19,141.97,143.86,144.95,141.5,61758300,141.69
2022-10-20,141.51,143.39,145.89,142.65,64522000,143.02
2022-10-21,145.34,147.27,147.85,142.65,86548600,142.87
2022-10-24,147.49,149.45,150.23,146.0,75981900,147.19
2022-10-25,150.34,152.34,152.49,149.36,74732300,150.09
2022-10-26,147.39,149.35,151.99,148.04,88194300,150.96
2022-10-27,142.9,144.8,149.05,144.13,109180200,148.07
2022-10-28,153.7,155.74,157.5,147.82,164762400,148.2
2022-10-31,151.33,153.34,154.24,151.92,97943200,153.16
2022-11-01,148.67,150.65,155.45,149.13,80379300,155.08
2022-11-02,143.13,145.03,152.17,145.0,93604600,148.95
2022-11-03,137.06,138.88,142.8,138.75,97918500,142.06
2022-11-04,136.79,138.38,142.67,134.38,140814800,142.09
2022-11-07,137.32,138.92,139.15,135.67,83374600,137.11
2022-11-08,137.9,139.5,141.43,137.49,89908500,140.41
2022-11-09,133.32,134.87,138.55,134.59,74917800,138.5
2022-11-10,145.18,146.87,146.87,139.5,118854000,141.24
2022-11-11,147.98,149.7,150.01,144.37,93979700,145.82
2022-11-14,146.58,148.28,150.28,147.43,73374100,148.97
2022-11-15,148.32,150.04,153.59,148.56,89868300,152.22
2022-11-16,147.08,148.79,149.87,147.29,64218300,149.13
2022-11-17,148.99,150.72,151.48,146.15,80389400,146.43
2022-11-18,149.55,151.29,152.7,149.97,74829600,152.31
2022-11-21,146.31,148.01,150.37,147.72,58724100,150.16
2022-11-22,148.45,150.18,150.42,146.93,51804100,148.13
2022-11-23,149.33,151.07,151.83,149.34,58301400,149.45
2022-11-25,146.41,148.11,148.88,147.12,35195900,148.31
2022-11-28,142.56,144.22,146.64,143.38,69246000,145.14
2022-11-29,139.55,141.17,144.81,140.35,83763800,144.29
2022-11-30,146.33,148.03,148.72,140.55,111380900,141.4
2022-12-01,146.61,148.31,149.13,146.61,71250400,148.21
2022-12-02,146.11,147.81,148.0,145.65,65447400,145.96
2022-12-05,144.94,146.63,150.92,145.77,68826400,147.77
2022-12-06,141.27,142.91,147.3,141.92,64727200,147.07
2022-12-07,139.32,140.94,143.37,140.0,69721100,142.19
2022-12-08,141.01,142.65,143.52,141.1,62128300,142.36
2022-12-09,140.53,142.16,145.57,140.9,76097000,142.34
2022-12-12,142.83,144.49,144.5,141.06,70462700,142.7
2022-12-13,143.8,145.47,149.97,144.24,93886200,149.5
2022-12-14,141.56,143.21,146.66,141.16,82291200,145.35
2022-12-15,134.93,136.5,141.8,136.03,98931900,141.11
2022-12-16,132.96,134.51,137.65,133.73,160156900,136.69
2022-12-19,130.85,132.37,135.2,131.32,79592600,135.11
2022-12-20,130.78,132.3,133.25,129.89,77432800,131.39
2022-12-21,133.89,135.45,136.81,132.75,85928000,132.98
2022-12-22,130.71,132.23,134.56,130.3,77852100,134.35
2022-12-23,130.34,131.86,132.42,129.64,63814900,130.92
2022-12-27,128.54,130.03,131.41,128.72,69007800,131.38
2022-12-28,124.59,126.04,131.03,125.87,85438400,129.67
2022-12-29,128.12,129.61,130.48,127.73,75703700,127.99
2022-12-30,128.44,129.93,129.95,127.43,77034200,128.41
2023-01-03,123.63,125.07,130.9,124.17,112117500,130.28
2023-01-04,124.91,126.36,128.66,125.08,89113600,126.89
2023-01-05,123.58,125.02,127.77,124.76,80962700,127.13
2023-01-06,128.13,129.62,130.29,124.89,87754700,126.01
2023-01-09,128.65,130.15,133.41,129.89,70790800,130.47
2023-01-10,129.23,130.73,131.26,128.12,63896200,130.26
2023-01-11,131.96,133.49,133.51,130.46,69458900,131.25
2023-01-12,131.88,133.41,134.26,131.44,71379600,133.88
2023-01-13,133.21,134.76,134.92,131.66,57809700,132.03
2023-01-17,134.38,135.94,137.29,134.13,63646600,134.83
2023-01-18,133.66,135.21,138.61,135.03,69672800,136.82
2023-01-19,133.72,135.27,136.25,133.77,58280400,134.08
2023-01-20,136.29,137.87,138.02,134.22,80223600,135.28
2023-01-23,139.49,141.11,143.32,137.9,81760300,138.12
2023-01-24,140.89,142.53,143.16,140.3,66435100,140.31
2023-01-25,140.23,141.86,142.43,138.81,65799300,140.89
2023-01-26,142.31,143.96,144.25,141.9,54105100,143.17
2023-01-27,144.25,145.93,147.23,143.08,70555800,143.16
2023-01-30,141.36,143.0,145.55,142.85,64015300,144.96
2023-01-31,142.63,144.29,144.34,142.28,65874500,142.7
2023-02-01,143.76,145.43,146.61,141.32,77663600,143.97
2023-02-02,149.09,150.82,151.18,148.17,118339000,148.9
2023-02-03,152.72,154.5,157.38,147.83,154357300,148.03
2023-02-06,149.99,151.73,153.1,150.78,69858300,152.57
2023-02-07,152.87,154.65,155.23,150.64,83322600,150.64
2023-02-08,150.17,151.92,154.58,151.17,64120100,153.88
2023-02-09,149.14,150.87,154.33,150.42,56007100,153.78
2023-02-10,149.5,151.01,151.34,149.22,57450700,149.46
2023-02-13,152.31,153.85,154.26,150.92,62199000,150.95
2023-02-14,151.67,153.2,153.77,150.86,61707600,152.12
2023-02-15,153.78,155.33,155.5,152.88,65573800,153.11
2023-02-16,152.18,153.71,156.33,153.35,68167900,153.51
2023-02-17,151.03,152.55,153.0,150.85,59144100,152.35
2023-02-21,147.0,148.48,151.3,148.41,58867200,150.2
2023-02-22,147.42,148.91,149.95,147.16,51011300,148.87
2023-02-23,147.91,149.4,150.34,147.24,48394200,150.09
2023-02-24,145.25,146.71,147.19,145.72,55469600,147.11
2023-02-27,146.44,147.92,149.17,147.45,44998500,147.71
2023-02-28,145.94,147.41,149.08,146.83,50547000,147.05
2023-03-01,143.86,145.31,147.23,145.01,55479000,146.83
2023-03-02,144.45,145.91,146.71,143.9,52238100,144.38
2023-03-03,149.52,151.03,151.11,147.33,70732300,148.04
2023-03-06,152.29,153.83,156.3,153.46,87558000,153.79
2023-03-07,150.09,151.6,154.03,151.13,56182000,153.7
2023-03-08,151.34,152.87,153.47,151.83,47204800,152.81
2023-03-09,149.09,150.59,154.54,150.23,53833600,153.56
2023-03-10,147.02,148.5,150.94,147.61,68572400,150.21
2023-03-13,148.97,150.47,153.14,147.7,84457100,147.81
2023-03-14,151.07,152.59,153.4,150.1,73695900,151.28
2023-03-15,151.46,152.99,153.25,149.92,77167900,151.19
2023-03-16,154.29,155.85,156.46,151.64,76161100,152.16
2023-03-17,153.45,155.0,156.74,154.28,98944600,156.08
2023-03-20,155.83,157.4,157.82,154.15,73641400,155.07
2023-03-21,157.69,159.28,159.4,156.54,73938300,157.32
2023-03-22,156.25,157.83,162.14,157.81,75701800,159.3
2023-03-23,157.34,158.93,161.55,157.68,67622100,158.83
2023-03-24,158.65,160.25,160.34,157.85,59196500,158.86
2023-03-27,156.7,158.28,160.77,157.87,52390300,159.94
2023-03-28,156.08,157.65,158.49,155.98,45992200,157.97
2023-03-29,159.16,160.77,161.05,159.35,51305700,159.37
2023-03-30,160.74,162.36,162.47,161.27,49501700,161.53
2023-03-31,163.25,164.9,165.0,161.91,68749800,162.44
2023-04-03,164.51,166.17,166.29,164.22,56976200,164.27
2023-04-04,163.98,165.63,166.84,165.11,46278300,166.6
2023-04-05,162.12,163.76,165.05,161.8,51511700,164.74
2023-04-06,163.02,164.66,164.96,162.0,45390100,162.43
2023-04-10,160.41,162.03,162.03,160.08,47716900,161.42
2023-04-11,159.19,160.8,162.36,160.51,47644200,162.35
2023-04-12,158.5,160.1,162.06,159.78,50133100,161.22
2023-04-13,163.91,165.56,165.8,161.42,68445600,161.63
2023-04-14,163.56,165.21,166.32,163.82,49386500,164.59
2023-04-17,163.58,165.23,165.39,164.03,41516200,165.09
2023-04-18,164.81,166.47,167.41,165.65,49923000,166.1
2023-04-19,165.96,167.63,168.16,165.54,47720200,165.8
2023-04-20,164.99,166.65,167.87,165.56,52456400,166.09
2023-04-21,163.37,165.02,166.45,164.49,58337300,165.05
2023-04-24,163.68,165.33,165.6,163.89,41949600,165.0
2023-04-25,162.13,163.77,166.31,163.73,48714100,165.19
2023-04-26,162.12,163.76,165.28,162.8,45498800,163.06
2023-04-27,166.73,168.41,168.56,165.19,64902300,165.19
2023-04-28,167.99,169.68,169.85,167.88,55209200,168.49
2023-05-01,167.9,169.59,170.45,168.64,52472900,169.28
2023-05-02,166.86,168.54,170.35,167.54,48425700,170.09
2023-05-03,165.78,167.45,170.92,167.16,65136000,169.5
2023-05-04,164.13,165.79,167.04,164.31,81235400,164.89
2023-05-05,171.84,173.57,174.3,170.76,113316400,170.98
2023-05-08,171.77,173.5,173.85,172.11,55962800,172.48
2023-05-09,170.06,171.77,173.54,171.6,45326900,173.05
2023-05-10,171.83,173.56,174.03,171.9,53724500,173.02
2023-05-11,172.02,173.75,174.59,172.17,49514700,173.85
2023-05-12,171.08,172.57,174.06,171.0,45497800,173.62
2023-05-15,170.59,172.07,173.21,171.47,37266700,173.16
2023-05-16,170.59,172.07,173.14,171.8,42110300,171.99
2023-05-17,171.2,172.69,172.93,170.42,57951600,171.71
2023-05-18,173.54,175.05,175.24,172.58,65496700,173.0
2023-05-19,173.65,175.16,176.39,174.94,55772400,176.39
2023-05-22,172.7,174.2,174.71,173.45,43570900,173.98
2023-05-23,170.08,171.56,173.38,171.28,50747300,173.13
2023-05-24,170.36,171.84,172.42,170.52,45143500,171.09
2023-05-25,171.5,172.99,173.9,171.69,56058300,172.41
2023-05-26,173.92,175.43,175.77,173.11,54835000,173.32
2023-05-30,175.77,177.3,178.99,176.57,55964400,176.96
2023-05-31,175.72,177.25,179.35,176.76,99625300,177.33
2023-06-01,178.54,180.09,180.12,176.93,68901800,177.7
2023-06-02,179.39,180.95,181.78,179.26,61945900,181.03
2023-06-05,178.03,179.58,184.95,178.04,121946500,182.63
2023-06-06,177.67,179.21,180.12,177.43,64848400,179.97
2023-06-07,176.29,177.82,181.21,177.32,61944600,178.44
2023-06-08,179.01,180.57,180.84,177.46,50214900,177.9
2023-06-09,179.4,180.96,182.23,180.63,48870700,181.5
2023-06-12,182.21,183.79,183.89,180.97,54274900,181.27
2023-06-13,181.73,183.31,184.15,182.44,54929100,182.8
2023-06-14,182.37,183.95,184.39,182.02,57462900,183.37
2023-06-15,184.41,186.01,186.52,183.78,65433200,183.96
2023-06-16,183.33,184.92,186.99,184.27,101235600,186.73
2023-06-20,183.42,185.01,186.1,184.41,49799100,184.41
2023-06-21,182.38,183.96,185.41,182.59,49515700,184.9
2023-06-22,185.39,187.0,187.05,183.67,51245300,183.74
2023-06-23,185.07,186.68,187.56,185.01,53079300,185.55
2023-06-26,183.67,185.27,188.05,185.23,48088700,186.83
2023-06-27,186.44,188.06,188.39,185.67,50730800,185.89
2023-06-28,187.62,189.25,189.9,187.6,51216800,187.93
2023-06-29,187.96,189.59,190.07,188.94,46347300,189.08
2023-06-30,192.3,193.97,194.48,191.26,85069600,191.63
2023-07-03,190.8,192.46,193.88,191.76,31458200,193.78
2023-07-05,189.68,191.33,192.98,190.62,46920300,191.57
2023-07-06,190.16,191.81,192.02,189.2,45094300,189.84
2023-07-07,189.04,190.68,192.67,190.24,46778000,191.41
2023-07-10,186.99,188.61,189.99,187.04,59922200,189.26
2023-07-11,186.46,188.08,189.3,186.6,46638100,189.16
2023-07-12,188.14,189.77,191.7,188.47,60750200,189.68
2023-07-13,188.9,190.54,191.19,189.78,41342300,190.5
2023-07-14,189.05,190.69,191.18,189.63,41573900,190.23
2023-07-17,192.32,193.99,194.32,191.81,50520200,191.9
2023-07-18,192.06,193.73,194.33,192.42,48353800,193.35
2023-07-19,193.42,195.1,198.23,192.65,80507300,193.1
2023-07-20,191.47,193.13,196.47,192.5,59581200,195.09
2023-07-21,190.29,191.94,194.97,191.23,71917800,194.1
2023-07-24,191.09,192.75,194.91,192.25,45377800,193.41
2023-07-25,191.95,193.62,194.44,192.92,37283200,193.33
2023-07-26,192.82,194.5,195.64,193.32,47471900,193.67
2023-07-27,191.56,193.22,197.2,192.55,47460200,196.02
2023-07-28,194.14,195.83,196.63,194.14,48291400,194.67
2023-07-31,194.76,196.45,196.49,195.26,38824100,196.06
2023-08-01,193.92,195.61,196.73,195.28,35175100,196.24
2023-08-02,190.92,192.58,195.18,191.85,50389300,195.04
2023-08-03,189.52,191.17,192.37,190.69,61235200,191.57
2023-08-04,180.42,181.99,187.38,181.92,115799700,185.52
2023-08-07,177.31,178.85,183.13,177.35,97576100,182.13
2023-08-08,178.25,179.8,180.27,177.58,67823000,179.69
2023-08-09,176.65,178.19,180.93,177.01,60378500,180.87
2023-08-10,176.44,177.97,180.75,177.6,54686900,179.48
2023-08-11,176.5,177.79,178.62,176.55,51988100,177.32
2023-08-14,178.15,179.46,179.69,177.31,43675600,177.97
2023-08-15,176.16,177.45,179.48,177.05,43622600,178.88
2023-08-16,175.29,176.57,178.54,176.5,46964900,177.13
2023-08-17,172.73,174.0,177.51,173.48,66062900,177.14
2023-08-18,173.22,174.49,175.1,171.96,61114200,172.3
2023-08-21,174.56,175.84,176.13,173.74,46311900,175.07
2023-08-22,175.94,177.23,177.68,176.25,42084200,177.06
2023-08-23,179.8,181.12,181.55,178.33,52722800,178.52
2023-08-24,175.1,176.38,181.1,176.01,54945800,180.67
2023-08-25,177.31,178.61,179.15,175.82,51449600,177.38
2023-08-28,178.88,180.19,180.59,178.55,43820700,180.09
2023-08-29,182.78,184.12,184.9,179.5,53003900,179.7
2023-08-30,186.28,187.65,187.85,184.74,60813900,184.94
2023-08-31,186.5,187.87,189.12,187.48,60794500,187.84
2023-09-01,188.08,189.46,189.92,188.28,45732600,189.49
2023-09-05,188.32,189.7,189.98,187.61,45280000,188.28
2023-09-06,181.58,182.91,188.85,181.47,81755800,188.4
2023-09-07,176.27,177.56,178.21,173.54,112488800,175.18
2023-09-08,176.88,178.18,180.24,177.79,65551300,178.35
2023-09-11,178.06,179.36,180.3,177.34,58953100,180.07
2023-09-12,175.02,176.3,180.13,174.82,90370200,179.49
2023-09-13,172.94,174.21,177.3,173.98,84267900,176.51
2023-09-14,174.46,175.74,176.1,173.58,60895800,174.0
2023-09-15,173.74,175.01,176.5,173.82,109205100,176.48
2023-09-18,176.68,177.97,179.38,176.17,67257600,176.48
2023-09-19,177.77,179.07,179.63,177.13,51826900,177.52
2023-09-20,174.21,175.49,179.7,175.4,58436200,179.26
2023-09-21,172.66,173.93,176.3,173.86,63047900,174.55
2023-09-22,173.52,174.79,177.08,174.05,56725400,174.67
2023-09-25,174.8,176.08,176.97,174.15,46172700,174.2
2023-09-26,170.71,171.96,175.2,171.66,64588900,174.82
2023-09-27,169.19,170.43,173.04,169.05,66921800,172.62
2023-09-28,169.45,170.69,172.03,167.62,56294400,169.34
2023-09-29,169.96,171.21,173.07,170.34,51814200,172.02
2023-10-02,172.49,173.75,174.3,170.93,52164500,171.22
2023-10-03,171.15,172.4,173.63,170.82,49594600,172.26
2023-10-04,172.4,173.66,174.21,170.97,53020300,171.09
2023-10-05,173.64,174.91,175.45,172.68,48527900,173.79
2023-10-06,176.2,177.49,177.99,173.18,57224100,173.8
2023-10-09,177.69,178.99,179.05,175.8,42390800,176.81
2023-10-10,177.09,178.39,179.72,177.95,43698000,178.1
2023-10-11,178.49,179.8,179.85,177.6,47551100,178.2
2023-10-12,179.4,180.71,182.34,179.04,56743100,180.07
2023-10-13,177.55,178.85,181.93,178.14,51427100,181.42
2023-10-16,177.42,178.72,179.08,176.51,52517000,176.75
2023-10-17,175.86,177.15,178.42,174.8,57549400,176.65
2023-10-18,174.56,175.84,177.58,175.11,54764400,175.58
2023-10-19,174.18,175.46,177.84,175.19,59302900,176.04
2023-10-20,171.62,172.88,175.42,172.64,64189300,175.31
2023-10-23,171.74,173.0,174.01,169.93,55980100,170.91
2023-10-24,172.18,173.44,173.67,171.45,43816600,173.05
2023-10-25,169.86,171.1,173.06,170.65,57157000,171.88
2023-10-26,165.68,166.89,171.38,165.67,70625300,170.37
2023-10-27,167.0,168.22,168.96,166.83,58499100,166.91
2023-10-30,169.05,170.29,171.17,168.87,51131000,169.02
2023-10-31,169.53,170.77,170.9,167.9,44846000,169.35
2023-11-01,172.7,173.97,174.23,170.12,56934900,171.0
2023-11-02,176.28,177.57,177.78,175.46,77334800,175.52
2023-11-03,175.36,176.65,176.82,173.35,79763700,174.24
2023-11-06,177.93,179.23,179.43,176.21,63841300,176.38
2023-11-07,180.5,181.82,182.44,178.97,70530000,179.18
2023-11-08,181.56,182.89,183.45,181.59,49340300,182.35
2023-11-09,181.08,182.41,184.12,181.81,53763500,182.96
2023-11-10,185.29,186.4,186.57,183.53,66133400,183.97
2023-11-13,183.7,184.8,186.03,184.21,43627500,185.82
2023-11-14,186.32,187.44,188.11,186.3,60108400,187.7
2023-11-15,186.89,188.01,189.5,187.78,53790500,187.85
2023-11-16,188.58,189.71,190.96,188.65,54412900,189.57
2023-11-17,188.56,189.69,190.38,188.57,50922700,190.25
2023-11-20,190.31,191.45,191.91,189.88,46505100,189.89
2023-11-21,189.5,190.64,191.52,189.74,38134500,191.41
2023-11-22,190.17,191.31,192.93,190.83,39617700,191.49
2023-11-24,188.84,189.97,190.9,189.25,24048300,190.87
2023-11-27,188.66,189.79,190.67,188.9,40552600,189.92
2023-11-28,189.26,190.4,191.08,189.4,38415400,189.78
2023-11-29,188.24,189.37,192.09,188.97,43014200,190.9
2023-11-30,188.82,189.95,190.32,188.19,48794400,189.84
2023-12-01,190.1,191.24,191.56,189.23,45679300,190.33
2023-12-04,188.3,189.43,190.05,187.45,43389500,189.98
2023-12-05,192.27,193.42,194.4,190.18,66628400,190.21
2023-12-06,191.17,192.32,194.76,192.11,41089700,194.45
2023-12-07,193.11,194.27,195.0,193.59,47477700,193.63
2023-12-08,194.54,195.71,195.99,193.67,53377300,194.2
2023-12-11,192.03,193.18,193.49,191.42,60943700,193.11
2023-12-12,193.55,194.71,194.72,191.72,52696900,193.08
2023-12-13,196.78,197.96,198.0,194.85,70404200,195.09
2023-12-14,196.93,198.11,199.62,196.16,66831600,198.02
2023-12-15,196.39,197.57,198.4,197.0,128256700,197.53
2023-12-18,194.72,195.89,196.63,194.39,55751900,196.09
2023-12-19,195.76,196.94,196.95,195.89,40714100,196.16
2023-12-20,193.67,194.83,197.68,194.83,52242800,196.9
2023-12-21,193.52,194.68,197.08,193.5,46482500,196.1
2023-12-22,192.44,193.6,195.41,192.97,37122800,195.18
2023-12-26,191.9,193.05,193.89,192.83,28919300,193.61
2023-12-27,192.0,193.15,193.5,191.09,48087700,192.49
2023-12-28,192.42,193.58,194.66,193.17,34049900,194.14
2023-12-29,191.38,192.53,194.4,191.73,42628800,193.9
2024-01-02,184.53,185.64,188.44,183.89,82488700,187.15
2024-01-03,183.15,184.25,185.88,183.43,58414500,184.22
2024-01-04,180.82,181.91,183.09,180.88,71983600,182.15
2024-01-05,180.1,181.18,182.76,180.17,62303300,181.99
2024-01-08,184.45,185.56,185.6,181.5,59144500,182.09
2024-01-09,184.04,185.14,185.15,182.73,42841800,183.92
2024-01-10,185.08,186.19,186.4,183.92,46792900,184.35
2024-01-11,184.48,185.59,187.05,183.62,49128400,186.54
2024-01-12,184.81,185.92,186.74,185.19,40444700,186.06
2024-01-16,182.53,183.63,184.26,180.93,65603000,182.16
2024-01-17,181.59,182.68,182.93,180.3,47317400,181.27
2024-01-18,187.5,188.63,189.14,185.83,78005800,186.09
2024-01-19,190.42,191.56,191.95,188.82,68741000,189.33
2024-01-22,192.73,193.89,195.33,192.26,60133900,192.3
2024-01-23,194.02,195.18,195.75,193.83,42355600,195.02
2024-01-24,193.34,194.5,196.38,194.34,53631300,195.42
2024-01-25,193.01,194.17,196.27,193.11,54822100,195.22
2024-01-26,191.27,192.42,194.76,191.94,44594000,194.27
2024-01-29,190.59,191.73,192.2,189.58,47145600,192.01
2024-01-30,186.92,188.04,191.8,187.47,55859400,190.94
2024-01-31,183.3,184.4,187.1,184.35,55467800,187.04
2024-02-01,185.74,186.86,186.95,183.82,64885400,183.99
2024-02-02,184.74,185.85,187.33,179.25,102518000,179.86
2024-02-05,186.56,187.68,189.25,185.84,69668800,188.15
2024-02-06,188.17,189.3,189.31,186.77,43490800,186.86
2024-02-07,188.28,189.41,191.05,188.61,53439000,190.64
2024-02-08,187.2,188.32,189.54,187.35,40962000,189.39
2024-02-09,187.96,188.85,189.99,188.0,45155200,188.65
2024-02-12,186.27,187.15,188.67,186.79,41781900,188.42
2024-02-13,184.17,185.04,186.21,183.51,56529500,185.77
2024-02-14,183.28,184.15,185.53,182.44,54630500,185.32
2024-02-15,183.0,183.86,184.49,181.35,65434500,183.55
2024-02-16,181.45,182.31,184.85,181.67,49701400,183.42
2024-02-20,180.71,181.56,182.43,180.0,53665600,181.79
2024-02-21,181.46,182.32,182.89,180.66,41529700,181.94
2024-02-22,183.5,184.37,184.96,182.46,52292200,183.48
2024-02-23,181.66,182.52,185.04,182.23,45119700,185.01
2024-02-26,180.31,181.16,182.76,180.65,40867400,182.24
2024-02-27,181.77,182.63,183.92,179.56,54318900,181.1
2024-02-28,180.57,181.42,183.12,180.13,48953900,182.51
2024-02-29,179.9,180.75,182.57,179.53,136682600,181.27
2024-03-01,178.82,179.66,180.53,177.38,73488000,179.55
2024-03-04,174.28,175.1,176.9,173.79,81510100,176.15
2024-03-05,169.32,170.12,172.04,169.62,95132400,170.76
2024-03-06,168.33,169.12,171.24,168.68,68587700,171.06
2024-03-07,168.21,169.0,170.73,168.49,71765100,169.15
2024-03-08,169.93,170.73,173.7,168.94,76114600,169.0
2024-03-11,171.94,172.75,174.38,172.05,60139500,172.94
2024-03-12,172.42,173.23,174.03,171.01,59825400,173.15
2024-03-13,170.33,171.13,173.19,170.76,52488700,172.77
2024-03-14,172.19,173.0,174.31,172.05,72913500,172.91
2024-03-15,171.81,172.62,172.62,170.29,121664700,171.17
2024-03-18,172.9,173.72,177.71,173.52,75604200,175.57
2024-03-19,175.25,176.08,176.61,173.03,55215200,174.34
2024-03-20,177.83,178.67,178.67,175.09,53423100,175.72
2024-03-21,170.56,171.37,177.49,170.84,106181300,177.05
2024-03-22,171.47,172.28,173.05,170.06,71106600,171.76
2024-03-25,170.05,170.85,171.94,169.45,54288300,170.57
2024-03-26,168.91,169.71,171.42,169.58,57388400,170.0
2024-03-27,172.5,173.31,173.6,170.11,60273300,170.41
2024-03-28,170.67,171.48,172.23,170.51,65672700,171.75
2024-04-01,169.23,170.03,171.25,169.48,46240500,171.19
2024-04-02,168.05,168.84,169.34,168.23,49329500,169.08
2024-04-03,168.85,169.65,170.68,168.58,47691700,168.79
2024-04-04,168.03,168.82,171.92,168.82,53704400,170.29
2024-04-05,168.78,169.58,170.39,168.95,42055200,169.59
2024-04-08,167.66,168.45,169.2,168.24,37425500,169.03
2024-04-09,168.87,169.67,170.08,168.35,42451200,168.7
2024-04-10,166.99,167.78,169.09,167.11,49709300,168.8
2024-04-11,174.22,175.04,175.46,168.16,91070300,168.34
2024-04-12,175.72,176.55,178.36,174.21,101593300,174.26
2024-04-15,171.88,172.69,176.63,172.5,73531800,175.36
2024-04-16,168.58,169.38,173.76,168.27,73711200,171.75
2024-04-17,167.21,168.0,170.65,168.0,50901200,169.61
2024-04-18,166.25,167.04,168.64,166.55,43122900,168.03
2024-04-19,164.22,165.0,166.4,164.08,67772100,166.21
2024-04-22,165.06,165.84,167.26,164.77,48116400,165.52
2024-04-23,166.12,166.9,167.05,164.92,49537800,165.35
2024-04-24,168.23,169.02,169.3,166.21,48251800,166.54
2024-04-25,169.09,169.89,170.61,168.15,50558300,169.53
2024-04-26,168.5,169.3,171.34,169.18,44838400,169.88
2024-04-29,172.68,173.5,176.03,173.1,68169400,173.37
2024-04-30,169.53,170.33,174.99,170.0,65934800,173.33
2024-05-01,168.5,169.3,172.71,169.11,50383100,169.58
2024-05-02,172.22,173.03,173.42,170.89,94214900,172.51
2024-05-03,182.52,183.38,187.0,182.66,163224100,186.65
2024-05-06,180.86,181.71,184.2,180.42,78569700,182.35
2024-05-07,181.54,182.4,184.9,181.32,77305800,183.45
2024-05-08,181.88,182.74,183.07,181.45,45057100,182.85
2024-05-09,183.7,184.57,184.66,182.11,48983000,182.56
2024-05-10,182.44,183.05,185.09,182.13,50759500,184.9
2024-05-13,185.66,186.28,187.1,184.62,72044800,185.44
2024-05-14,186.8,187.43,188.3,186.29,52393600,187.51
2024-05-15,189.08,189.72,190.65,187.37,70400000,187.91
2024-05-16,189.2,189.84,191.1,189.66,52845200,190.47
2024-05-17,189.23,189.87,190.81,189.18,41282900,189.51
2024-05-20,190.4,191.04,191.92,189.01,44361300,189.33
2024-05-21,191.71,192.35,192.73,190.92,42309400,191.09
2024-05-22,190.26,190.9,192.82,190.27,34648500,192.27
2024-05-23,186.25,186.88,191.0,186.63,51005900,190.98
2024-05-24,189.34,189.98,190.58,188.04,36294600,188.82
2024-05-28,189.35,189.99,193.0,189.1,52280100,191.51
2024-05-29,189.65,190.29,192.25,189.51,53068000,189.61
2024-05-30,190.65,191.29,192.18,190.63,49947900,190.76
2024-05-31,191.61,192.25,192.57,189.91,75158300,191.44
2024-06-03,193.38,194.03,194.99,192.52,50080500,192.9
2024-06-04,193.7,194.35,195.32,193.03,47471400,194.64
2024-06-05,195.21,195.87,196.9,194.87,54156800,195.4
2024-06-06,193.83,194.48,196.5,194.17,41181800,195.69
2024-06-07,196.23,196.89,196.94,194.14,53103900,194.65
2024-06-10,192.47,193.12,197.3,192.15,97262100,196.9
2024-06-11,206.46,207.15,207.16,193.63,172373300,193.65
2024-06-12,212.36,213.07,220.2,206.9,198134300,207.37
2024-06-13,213.52,214.24,216.75,211.6,97862700,214.74
2024-06-14,211.78,212.49,215.17,211.3,70122700,213.85
2024-06-17,215.94,216.67,218.95,212.72,93728300,213.37
2024-06-18,213.57,214.29,218.63,213.0,79943300,217.59
2024-06-20,208.98,209.68,214.24,208.85,86172500,213.93
2024-06-21,206.79,207.49,211.89,207.11,246421400,210.39
2024-06-24,207.44,208.14,212.7,206.59,80727000,207.72
2024-06-25,208.37,209.07,211.38,208.61,56713900,209.15
2024-06-26,212.54,213.25,214.86,210.64,66213200,211.5
2024-06-27,213.38,214.1,215.74,212.35,49772700,214.69
2024-06-28,209.91,210.62,216.07,210.3,82542700,215.77
2024-07-01,216.02,216.75,217.51,211.92,60402900,212.09
2024-07-02,219.53,220.27,220.38,215.1,58046200,216.15
2024-07-03,220.81,221.55,221.55,219.03,37369800,220.0
2024-07-05,225.58,226.34,226.45,221.65,60412400,221.65
2024-07-08,227.06,227.82,227.85,223.25,59085900,227.09
2024-07-09,227.91,228.68,229.4,226.37,48076100,227.93
2024-07-10,232.2,232.98,233.08,229.25,62627700,229.3
2024-07-11,226.81,227.57,232.39,225.77,64710600,231.39
2024-07-12,229.77,230.54,232.64,228.68,53046500,228.92
2024-07-15,233.61,234.4,237.23,233.09,62631300,236.48
2024-07-16,234.03,234.82,236.27,232.33,43234300,235.0
2024-07-17,228.11,228.88,231.46,226.64,57345900,229.45
2024-07-18,223.43,224.18,230.44,222.27,66034600,230.28
2024-07-19,223.56,224.31,226.8,223.28,49151500,224.82
2024-07-22,223.21,223.96,227.78,223.09,48201800,227.01
2024-07-23,224.26,225.01,226.94,222.68,39960300,224.37
2024-07-24,217.81,218.54,224.8,217.13,61777600,224.0
2024-07-25,216.76,217.49,220.85,214.62,51391200,218.93
2024-07-26,217.23,217.96,219.49,216.01,41601300,218.7
2024-07-29,217.51,218.24,219.3,215.75,36311800,216.96
2024-07-30,218.07,218.8,220.33,216.12,41643800,219.19
2024-07-31,221.34,222.08,223.82,220.63,50036300,221.44
2024-08-01,217.63,218.36,224.48,217.02,62501000,224.37
2024-08-02,219.12,219.86,225.6,217.71,105568600,219.15
2024-08-05,208.57,209.27,213.5,196.0,119548600,199.09
2024-08-06,206.54,207.23,209.99,201.07,69660500,205.3
2024-08-07,209.12,209.82,213.64,206.39,63516400,206.9
2024-08-08,212.6,213.31,214.2,208.83,47161100,213.11
2024-08-09,215.52,216.24,216.78,211.97,42201600,212.1
2024-08-12,217.05,217.53,219.51,215.6,38028100,216.07
2024-08-13,220.78,221.27,221.89,219.01,44155300,219.01
2024-08-14,221.23,221.72,223.03,219.7,41960600,220.57
2024-08-15,224.23,224.72,225.35,222.76,46414000,224.6
2024-08-16,225.55,226.05,226.83,223.65,44340200,223.92
2024-08-19,225.39,225.89,225.99,223.04,40687800,225.72
2024-08-20,226.01,226.51,227.17,225.45,30299000,225.77
2024-08-21,225.9,226.4,227.98,225.05,34765500,226.52
2024-08-22,224.04,224.53,228.34,223.9,43695300,227.79
2024-08-23,226.34,226.84,228.22,224.33,38677300,225.66
2024-08-26,226.68,227.18,227.28,223.89,30602200,226.76
2024-08-27,227.53,228.03,228.85,224.89,35934600,226.0
2024-08-28,225.99,226.49,229.86,225.68,38052200,227.92
2024-08-29,229.29,229.79,232.92,228.88,51906300,230.1
2024-08-30,228.5,229.0,230.4,227.48,52990800,230.19
2024-09-03,222.28,222.77,229.0,221.17,50190600,228.55
2024-09-04,220.37,220.85,221.78,217.48,43840200,221.66
2024-09-05,221.89,222.38,225.48,221.52,36615400,221.63
2024-09-06,220.34,220.82,225.24,219.77,48423000,223.95
2024-09-09,220.42,220.91,221.27,216.71,67180000,220.82
2024-09-10,219.63,220.11,221.48,216.73,51591000,218.92
2024-09-11,222.17,222.66,223.09,217.89,44587100,221.46
2024-09-12,222.28,222.77,223.55,219.82,37498200,222.5
2024-09-13,222.01,222.5,224.04,221.91,36766600,223.58
2024-09-16,215.84,216.32,217.22,213.92,59357400,216.54
2024-09-17,216.31,216.79,216.9,214.5,45519300,215.75
2024-09-18,220.21,220.69,222.71,217.54,59894900,217.55
2024-09-19,228.37,228.87,229.82,224.63,66781300,224.99
2024-09-20,227.7,228.2,233.09,227.62,318679900,229.97
2024-09-23,225.97,226.47,229.45,225.81,54146000,227.34
2024-09-24,226.87,227.37,229.35,225.73,43556100,228.65
2024-09-25,225.87,226.37,227.29,224.02,42308700,224.93
2024-09-26,227.02,227.52,228.5,225.41,36636700,227.3
2024-09-27,227.29,227.79,229.52,227.3,34026000,228.46
2024-09-30,232.49,233.0,233.0,229.65,54541900,230.04
2024-10-01,225.71,226.21,229.65,223.74,63285000,229.52
2024-10-02,226.28,226.78,227.37,223.02,32880600,225.89
2024-10-03,225.17,225.67,226.81,223.32,34044200,225.14
2024-10-04,226.3,226.8,228.0,224.13,37245100,227.9
2024-10-07,221.2,221.69,225.69,221.33,39505400,224.5
2024-10-08,225.27,225.77,225.98,223.25,31855700,224.3
2024-10-09,229.04,229.54,229.75,224.83,33591100,225.23
2024-10-10,228.54,229.04,229.5,227.17,28183500,227.78
2024-10-11,227.05,227.55,229.41,227.34,31759200,229.3
2024-10-14,230.79,231.3,231.73,228.6,39882100,228.7
2024-10-15,233.34,233.85,237.49,232.37,64751400,233.61
2024-10-16,231.27,231.78,232.12,229.84,34082200,231.6
2024-10-17,231.64,232.15,233.85,230.52,32993800,233.43
2024-10-18,234.48,235.0,236.18,234.01,46431500,236.18
2024-10-21,235.96,236.48,236.85,234.45,36254500,234.45
2024-10-22,235.34,235.86,236.22,232.6,38846600,233.89
2024-10-23,230.25,230.76,235.14,227.76,52287000,234.08
2024-10-24,230.06,230.57,230.82,228.41,31109500,229.98
2024-10-25,230.9,231.41,233.22,229.57,38802300,229.74
2024-10-28,232.89,233.4,234.73,232.55,36087100,233.32
2024-10-29,233.16,233.67,234.33,232.32,35417200,233.1
2024-10-30,229.59,230.1,233.47,229.55,47070900,232.61
2024-10-31,225.41,225.91,229.83,225.37,64370100,229.34
2024-11-01,222.42,222.91,225.35,220.27,65276700,220.97
2024-11-04,221.52,222.01,222.79,219.71,44944500,220.99
2024-11-05,222.96,223.45,223.95,221.14,28111300,221.8
2024-11-06,222.23,222.72,226.07,221.19,54561100,222.61
2024-11-07,226.98,227.48,227.88,224.57,42137700,224.63
2024-11-08,226.71,226.96,228.66,226.41,38328800,227.17
2024-11-11,223.98,224.23,225.7,221.5,42005600,225.0
2024-11-12,223.98,224.23,225.59,223.36,40398300,224.55
2024-11-13,224.87,225.12,226.65,222.76,48566200,224.01
2024-11-14,227.97,228.22,228.87,225.0,44923900,225.02
2024-11-15,224.75,225.0,226.92,224.27,47923700,226.4
2024-11-18,227.77,228.02,229.74,225.17,44686000,225.25
2024-11-19,228.03,228.28,230.16,226.66,36211800,226.98
2024-11-20,228.75,229.0,229.93,225.89,35169600,228.06
2024-11-21,228.27,228.52,230.16,225.71,42108300,228.88
2024-11-22,229.62,229.87,230.72,228.06,38168300,228.06
2024-11-25,232.61,232.87,233.25,229.74,90152800,231.46
2024-11-26,234.8,235.06,235.57,233.33,45986200,233.33
2024-11-27,234.67,234.93,235.69,233.81,33498400,234.47
2024-11-29,237.07,237.33,237.81,233.97,28481400,234.81
2024-12-02,239.33,239.59,240.79,237.16,48137100,237.27
2024-12-03,242.38,242.65,242.76,238.9,38861000,239.81
2024-12-04,242.74,243.01,244.11,241.25,44383900,242.87
2024-12-05,242.77,243.04,244.54,242.13,40033900,243.99
2024-12-06,242.57,242.84,244.63,242.08,36870600,242.91
2024-12-09,246.48,246.75,247.24,241.75,44649200,241.83
2024-12-10,247.5,247.77,248.21,245.34,36914800,246.89
2024-12-11,246.22,246.49,250.8,246.26,45205800,247.96
2024-12-12,247.69,247.96,248.74,245.68,32777500,246.89
2024-12-13,247.86,248.13,249.29,246.24,33155300,247.82
2024-12-16,250.76,251.04,251.38,247.65,51694800,247.99
2024-12-17,253.2,253.48,253.83,249.78,51356400,250.08
2024-12-18,247.78,248.05,254.28,247.74,56774100,252.16
2024-12-19,249.52,249.79,252.0,247.09,60882300,247.5
2024-12-20,254.21,254.49,255.0,245.69,147495300,248.04
2024-12-23,254.99,255.27,255.65,253.45,40858800,254.77
2024-12-24,257.92,258.2,258.21,255.29,23234700,255.49
2024-12-26,258.74,259.02,260.1,257.63,27237100,258.19
2024-12-27,255.31,255.59,258.7,253.06,42355300,257.83
2024-12-30,251.92,252.2,253.5,250.75,35557500,252.23
