gameweek,team,goals,yellow_cards,red_cards,second_yellow_cards,date_of_match,matches_played,points,goals_for,goals_against,goal_difference,fairplay,index,rank
1,Celta_Vigo,2,2.0,0.0,0.0,2024-08-16,1,3,2,1,1,2.0,10,1
1,Barcelona,2,3.0,0.0,0.0,2024-08-17,1,3,2,1,1,3.0,10,2
1,Rayo_Vallecano,2,4.0,0.0,0.0,2024-08-18,1,3,2,1,1,4.0,10,3
1,Valladolid,1,2.0,0.0,0.0,2024-08-19,1,3,1,0,1,2.0,10,4
1,Villarreal,2,1.0,0.0,0.0,2024-08-19,1,1,2,2,0,1.0,10,5
1,Las_Palmas,2,2.0,0.0,0.0,2024-08-16,1,1,2,2,0,2.0,10,6
1,Sevilla,2,2.0,0.0,0.0,2024-08-16,1,1,2,2,0,2.0,10,7
1,Atletico_Madrid,2,3.0,0.0,0.0,2024-08-19,1,1,2,2,0,3.0,10,8
1,Girona,1,0.0,0.0,0.0,2024-08-15,1,1,1,1,0,0.0,10,9
1,Getafe,1,1.0,0.0,0.0,2024-08-15,1,1,1,1,0,1.0,10,10
1,Mallorca,1,1.0,0.0,0.0,2024-08-18,1,1,1,1,0,1.0,10,11
1,Real_Betis,1,2.0,0.0,0.0,2024-08-15,1,1,1,1,0,2.0,10,12
1,Leganes,1,2.0,0.0,0.0,2024-08-17,1,1,1,1,0,2.0,10,13
1,Osasuna,1,3.0,0.0,0.0,2024-08-17,1,1,1,1,0,3.0,10,14
1,Real_Madrid,1,0.0,1.0,0.0,2024-08-18,1,1,1,1,0,3.0,10,15
1,Athletic_Club,1,4.0,0.0,0.0,2024-08-15,1,1,1,1,0,4.0,10,16
1,Alaves,1,2.0,0.0,0.0,2024-08-16,1,0,1,2,-1,2.0,10,17
1,Valencia,1,2.0,0.0,0.0,2024-08-17,1,0,1,2,-1,2.0,10,18
1,Real_Sociedad,1,2.0,0.0,0.0,2024-08-18,1,0,1,2,-1,2.0,10,19
1,Espanyol,0,2.0,0.0,0.0,2024-08-19,1,0,0,1,-1,2.0,10,20
2,Celta_Vigo,3,5.0,0.0,0.0,2024-08-23,2,6,5,2,3,5.0,20,1
2,Barcelona,2,7.0,0.0,0.0,2024-08-24,2,6,4,2,2,7.0,20,2
2,Villarreal,2,6.0,0.0,0.0,2024-08-23,2,4,4,3,1,6.0,20,3
2,Atletico_Madrid,3,4.0,0.0,0.0,2024-08-25,2,4,5,2,3,4.0,20,4
2,Leganes,2,3.0,0.0,0.0,2024-08-25,2,4,3,2,1,3.0,20,5
2,Osasuna,1,5.0,0.0,0.0,2024-08-24,2,4,2,1,1,5.0,20,6
2,Real_Madrid,3,1.0,1.0,0.0,2024-08-25,2,4,4,1,3,4.0,20,7
2,Rayo_Vallecano,0,6.0,0.0,0.0,2024-08-24,2,4,2,1,1,6.0,20,8
2,Real_Sociedad,1,4.0,0.0,0.0,2024-08-24,2,3,2,2,0,4.0,20,9
2,Valladolid,0,3.0,0.0,0.0,2024-08-25,2,3,1,3,-2,3.0,20,10
2,Getafe,0,2.0,0.0,0.0,2024-08-24,2,2,1,1,0,2.0,20,11
2,Real_Betis,0,6.0,0.0,0.0,2024-08-25,2,2,1,1,0,6.0,20,12
2,Las_Palmas,1,3.0,0.0,0.0,2024-08-25,2,1,3,4,-1,3.0,20,13
2,Sevilla,1,5.0,0.0,0.0,2024-08-23,2,1,3,4,-1,5.0,20,14
2,Athletic_Club,1,9.0,0.0,0.0,2024-08-24,2,1,2,3,-1,9.0,20,15
2,Mallorca,0,2.0,0.0,0.0,2024-08-24,2,1,1,2,-1,2.0,20,16
2,Alaves,0,3.0,1.0,0.0,2024-08-25,2,1,1,2,-1,6.0,20,17
2,Girona,0,3.0,0.0,0.0,2024-08-25,2,1,1,4,-3,3.0,20,18
2,Espanyol,0,4.0,0.0,0.0,2024-08-24,2,0,0,2,-2,4.0,20,19
2,Valencia,1,2.0,0.0,0.0,2024-08-23,2,0,2,5,-3,2.0,20,20
3,Barcelona,2,8.0,0.0,0.0,2024-08-27,3,9,6,3,3,8.0,29,1
3,Villarreal,4,10.0,0.0,0.0,2024-08-26,3,7,8,6,2,10.0,29,2
3,Celta_Vigo,3,8.0,0.0,0.0,2024-08-26,3,6,8,6,2,8.0,29,3
3,Atletico_Madrid,0,4.0,0.0,0.0,2024-08-28,3,5,5,2,3,4.0,29,4
3,Real_Madrid,1,3.0,1.0,0.0,2024-08-29,3,5,5,2,3,6.0,29,5
3,Leganes,0,8.0,0.0,0.0,2024-08-28,3,5,3,2,1,8.0,29,6
3,Girona,4,3.0,0.0,0.0,2024-08-29,3,4,5,4,1,3.0,29,7
3,Rayo_Vallecano,1,9.0,0.0,0.0,2024-08-27,3,4,3,3,0,9.0,29,8
3,Athletic_Club,1,10.0,0.0,0.0,2024-08-28,3,4,3,3,0,10.0,29,9
3,Alaves,2,7.0,1.0,0.0,2024-08-28,3,4,3,3,0,10.0,29,10
3,Valladolid,0,4.0,0.0,0.0,2024-08-28,3,4,1,3,-2,4.0,29,11
3,Osasuna,0,5.0,0.0,0.0,2024-08-29,3,4,2,5,-3,5.0,29,12
3,Real_Sociedad,1,8.0,1.0,0.0,2024-08-28,3,3,3,4,-1,11.0,29,13
3,Sevilla,0,6.0,1.0,0.0,2024-08-27,3,2,3,4,-1,9.0,29,14
3,Las_Palmas,1,3.0,0.0,0.0,2024-08-29,3,2,4,5,-1,3.0,29,15
3,Mallorca,0,2.0,0.0,0.0,2024-08-27,3,2,1,2,-1,2.0,29,16
3,Espanyol,0,6.0,0.0,0.0,2024-08-28,3,1,0,2,-2,6.0,29,17
3,Valencia,0,5.0,0.0,0.0,2024-08-28,3,0,2,6,-4,5.0,29,18
4,Barcelona,7,8.0,0.0,0.0,2024-08-31,4,12,13,3,10,8.0,39,1
4,Atletico_Madrid,1,5.0,0.0,0.0,2024-08-31,4,8,6,2,4,5.0,39,2
4,Villarreal,1,15.0,1.0,1.0,2024-08-31,4,8,9,7,2,16.0,39,3
4,Real_Madrid,2,5.0,1.0,0.0,2024-09-01,4,8,7,2,5,8.0,39,4
4,Girona,2,5.0,0.0,0.0,2024-09-01,4,7,7,4,3,5.0,39,5
4,Alaves,2,10.0,1.0,0.0,2024-09-01,4,7,5,3,2,13.0,39,6
4,Osasuna,3,7.0,0.0,0.0,2024-09-01,4,7,5,7,-2,7.0,39,7
4,Celta_Vigo,2,8.0,1.0,0.0,2024-09-01,4,6,10,9,1,11.0,39,8
4,Mallorca,1,5.0,0.0,0.0,2024-08-31,4,5,2,2,0,5.0,39,9
4,Leganes,0,9.0,0.0,0.0,2024-08-31,4,5,3,3,0,9.0,39,10
4,Rayo_Vallecano,1,11.0,0.0,0.0,2024-08-31,4,4,4,5,-1,11.0,39,11
4,Real_Sociedad,0,9.0,1.0,0.0,2024-09-01,4,4,3,4,-1,12.0,39,12
4,Espanyol,2,9.0,0.0,0.0,2024-08-31,4,4,2,3,-1,9.0,39,13
4,Valladolid,0,7.0,0.0,0.0,2024-08-31,4,4,1,10,-9,7.0,39,14
4,Athletic_Club,0,13.0,0.0,0.0,2024-08-31,4,4,3,4,-1,13.0,39,15
4,Getafe,0,3.0,0.0,0.0,2024-09-01,3,3,1,1,0,3.0,39,16
4,Las_Palmas,0,3.0,0.0,0.0,2024-09-01,4,2,4,7,-3,3.0,39,17
4,Sevilla,0,9.0,1.0,0.0,2024-09-01,4,2,3,6,-3,12.0,39,18
4,Real_Betis,0,6.0,0.0,0.0,2024-09-01,3,2,1,3,-2,6.0,39,19
4,Valencia,1,8.0,0.0,0.0,2024-08-31,4,1,3,7,-4,8.0,39,20
5,Barcelona,4,10.0,1.0,0.0,2024-09-15,5,15,17,4,13,13.0,49,1
5,Atletico_Madrid,3,6.0,0.0,0.0,2024-09-15,5,11,9,2,7,6.0,49,2
5,Villarreal,2,18.0,1.0,1.0,2024-09-14,5,11,11,8,3,19.0,49,3
5,Real_Madrid,2,6.0,1.0,0.0,2024-09-14,5,11,9,2,7,9.0,49,4
5,Celta_Vigo,3,11.0,1.0,0.0,2024-09-15,5,9,13,10,3,14.0,49,5
5,Espanyol,3,11.0,0.0,0.0,2024-09-14,5,7,5,5,0,11.0,49,6
5,Rayo_Vallecano,3,14.0,0.0,0.0,2024-09-16,5,7,7,6,1,14.0,49,7
5,Girona,1,8.0,0.0,0.0,2024-09-15,5,7,8,8,0,8.0,49,8
5,Alaves,2,13.0,1.0,0.0,2024-09-14,5,7,7,6,1,16.0,49,9
5,Osasuna,1,9.0,0.0,0.0,2024-09-16,5,7,6,10,-4,9.0,49,10
5,Athletic_Club,3,15.0,1.0,0.0,2024-09-15,5,7,6,6,0,18.0,49,11
5,Mallorca,1,8.0,1.0,0.0,2024-09-14,5,5,3,4,-1,11.0,49,12
5,Real_Betis,2,6.0,0.0,0.0,2024-09-13,4,5,3,3,0,6.0,49,13
5,Sevilla,1,12.0,2.0,1.0,2024-09-14,5,5,4,6,-2,16.0,49,14
5,Leganes,0,11.0,0.0,0.0,2024-09-13,5,5,3,5,-2,11.0,49,15
5,Real_Sociedad,0,13.0,1.0,0.0,2024-09-14,5,4,3,6,-3,16.0,49,16
5,Valladolid,1,12.0,1.0,0.0,2024-09-15,5,4,2,13,-11,15.0,49,17
5,Getafe,0,7.0,0.0,0.0,2024-09-14,4,3,1,2,-1,7.0,49,18
5,Las_Palmas,2,4.0,0.0,0.0,2024-09-15,5,2,6,10,-4,4.0,49,19
5,Valencia,0,10.0,0.0,0.0,2024-09-15,5,1,3,10,-7,10.0,49,20
7,Mallorca,1,9.0,1.0,0.0,2024-09-17,6,8,4,4,0,12.0,50,1
7,Real_Sociedad,0,14.0,1.0,0.0,2024-09-17,6,4,3,7,-4,17.0,50,2
3,Real_Betis,2,9.0,0.0,0.0,2024-09-18,5,8,5,4,1,9.0,51,1
3,Getafe,1,12.0,0.0,0.0,2024-09-18,5,3,2,4,-2,12.0,51,2
7,Athletic_Club,2,15.0,1.0,0.0,2024-09-19,6,10,8,6,2,18.0,52,1
7,Leganes,0,14.0,0.0,0.0,2024-09-19,6,5,3,7,-4,14.0,52,2
6,Barcelona,5,11.0,1.0,0.0,2024-09-22,6,18,22,5,17,14.0,62,1
6,Real_Madrid,4,10.0,1.0,0.0,2024-09-21,6,14,13,3,10,13.0,62,2
6,Athletic_Club,3,18.0,1.0,0.0,2024-09-22,7,13,11,7,4,21.0,62,3
6,Atletico_Madrid,1,6.0,0.0,0.0,2024-09-22,6,12,10,3,7,6.0,62,4
6,Villarreal,1,24.0,1.0,1.0,2024-09-22,6,11,12,13,-1,25.0,62,5
6,Mallorca,2,11.0,1.0,0.0,2024-09-23,7,11,6,5,1,14.0,62,6
6,Alaves,2,14.0,1.0,0.0,2024-09-20,6,10,9,7,2,17.0,62,7
6,Osasuna,2,11.0,0.0,0.0,2024-09-21,6,10,8,11,-3,11.0,62,8
6,Celta_Vigo,1,13.0,1.0,0.0,2024-09-22,6,9,14,13,1,16.0,62,9
6,Rayo_Vallecano,1,14.0,0.0,0.0,2024-09-22,6,8,8,7,1,14.0,62,10
6,Real_Betis,1,12.0,0.0,0.0,2024-09-23,6,8,6,6,0,12.0,62,11
6,Girona,0,10.0,0.0,0.0,2024-09-21,6,7,8,10,-2,10.0,62,12
6,Espanyol,1,14.0,0.0,0.0,2024-09-21,6,7,6,9,-3,14.0,62,13
6,Leganes,1,16.0,0.0,0.0,2024-09-22,7,6,4,8,-4,16.0,62,14
6,Real_Sociedad,0,18.0,1.0,0.0,2024-09-21,7,5,3,7,-4,21.0,62,15
6,Valladolid,0,16.0,1.0,0.0,2024-09-21,6,5,2,13,-11,19.0,62,16
6,Sevilla,1,16.0,2.0,1.0,2024-09-20,6,5,5,8,-3,20.0,62,17
6,Getafe,1,15.0,0.0,0.0,2024-09-22,6,4,3,5,-2,15.0,62,18
6,Valencia,2,13.0,0.0,0.0,2024-09-21,6,4,5,10,-5,13.0,62,19
6,Las_Palmas,1,9.0,0.0,0.0,2024-09-21,6,2,7,12,-5,9.0,62,20
7,Barcelona,1,12.0,1.0,0.0,2024-09-25,7,21,23,5,18,15.0,70,1
7,Real_Madrid,3,14.0,1.0,0.0,2024-09-24,7,17,16,5,11,17.0,70,2
7,Atletico_Madrid,1,8.0,0.0,0.0,2024-09-26,7,15,11,3,8,8.0,70,3
7,Villarreal,2,27.0,1.0,1.0,2024-09-26,7,14,14,14,0,28.0,70,4
7,Osasuna,0,14.0,0.0,0.0,2024-09-24,7,11,8,11,-3,14.0,70,5
7,Alaves,2,14.0,1.0,0.0,2024-09-24,7,10,11,10,1,17.0,70,6
7,Rayo_Vallecano,0,18.0,0.0,0.0,2024-09-25,7,9,8,7,1,18.0,70,7
7,Celta_Vigo,0,15.0,1.0,0.0,2024-09-26,7,9,14,14,0,18.0,70,8
7,Real_Betis,1,14.0,0.0,0.0,2024-09-26,7,9,7,7,0,14.0,70,9
7,Girona,0,13.0,0.0,0.0,2024-09-25,7,8,8,10,-2,13.0,70,10
7,Sevilla,2,21.0,3.0,2.0,2024-09-24,7,8,7,9,-2,26.0,70,11
7,Espanyol,1,19.0,0.0,0.0,2024-09-26,7,7,7,11,-4,19.0,70,12
7,Valencia,0,15.0,0.0,0.0,2024-09-24,7,5,5,10,-5,15.0,70,13
7,Valladolid,1,20.0,1.0,0.0,2024-09-24,7,5,3,15,-12,23.0,70,14
7,Getafe,0,16.0,0.0,0.0,2024-09-25,7,4,3,6,-3,16.0,70,15
7,Las_Palmas,1,13.0,0.0,0.0,2024-09-26,7,3,8,13,-5,13.0,70,16
8,Barcelona,2,14.0,1.0,0.0,2024-09-28,8,21,25,9,16,17.0,80,1
8,Real_Madrid,1,15.0,1.0,0.0,2024-09-29,8,18,17,6,11,18.0,80,2
8,Villarreal,3,27.0,1.0,1.0,2024-09-30,8,17,17,15,2,28.0,80,3
8,Atletico_Madrid,1,11.0,1.0,0.0,2024-09-29,8,16,12,4,8,14.0,80,4
8,Osasuna,4,16.0,0.0,0.0,2024-09-28,8,14,12,13,-1,16.0,80,5
8,Athletic_Club,1,18.0,2.0,0.0,2024-09-29,8,14,12,8,4,24.0,80,6
8,Mallorca,2,13.0,1.0,0.0,2024-09-27,8,14,8,6,2,16.0,80,7
8,Real_Betis,1,16.0,0.0,0.0,2024-09-29,8,12,8,7,1,16.0,80,8
8,Celta_Vigo,1,16.0,1.0,0.0,2024-09-29,8,10,15,15,0,19.0,80,9
8,Alaves,0,20.0,1.0,0.0,2024-09-28,8,10,11,12,-1,23.0,80,10
8,Rayo_Vallecano,1,20.0,0.0,0.0,2024-09-28,8,10,9,8,1,20.0,80,11
8,Girona,1,13.0,0.0,0.0,2024-09-29,8,9,9,11,-2,13.0,80,12
8,Sevilla,1,24.0,3.0,2.0,2024-09-29,8,9,8,10,-2,29.0,80,13
8,Real_Sociedad,3,18.0,1.0,0.0,2024-09-28,8,8,6,7,-1,21.0,80,14
8,Getafe,2,19.0,0.0,0.0,2024-09-28,8,7,5,6,-1,19.0,80,15
8,Leganes,1,17.0,0.0,0.0,2024-09-28,8,7,5,9,-4,17.0,80,16
8,Espanyol,0,23.0,0.0,0.0,2024-09-29,8,7,7,12,-5,23.0,80,17
8,Valencia,0,15.0,0.0,0.0,2024-09-28,8,5,5,13,-8,15.0,80,18
8,Valladolid,1,23.0,1.0,0.0,2024-09-27,8,5,4,17,-13,26.0,80,19
8,Las_Palmas,1,17.0,0.0,0.0,2024-09-30,8,3,9,16,-7,17.0,80,20
9,Barcelona,3,16.0,1.0,0.0,2024-10-06,9,24,28,9,19,19.0,90,1
9,Real_Madrid,2,15.0,1.0,0.0,2024-10-05,9,21,19,6,13,18.0,90,2
9,Atletico_Madrid,1,13.0,1.0,0.0,2024-10-06,9,17,13,5,8,16.0,90,3
9,Villarreal,0,28.0,1.0,1.0,2024-10-05,9,17,17,17,0,29.0,90,4
9,Osasuna,1,20.0,0.0,0.0,2024-10-05,9,15,13,14,-1,20.0,90,5
9,Athletic_Club,1,21.0,3.0,1.0,2024-10-06,9,14,13,10,3,28.0,90,6
9,Mallorca,1,18.0,1.0,0.0,2024-10-05,9,14,9,8,1,21.0,90,7
9,Rayo_Vallecano,2,22.0,0.0,0.0,2024-10-05,9,13,11,9,2,22.0,90,8
9,Celta_Vigo,1,24.0,3.0,2.0,2024-10-05,9,13,16,15,1,29.0,90,9
9,Girona,2,17.0,0.0,0.0,2024-10-06,9,12,11,12,-1,17.0,90,10
9,Sevilla,1,30.0,4.0,3.0,2024-10-06,9,12,9,10,-1,36.0,90,11
9,Real_Betis,0,19.0,0.0,0.0,2024-10-06,9,12,8,8,0,19.0,90,12
9,Espanyol,2,24.0,0.0,0.0,2024-10-05,9,10,9,13,-4,24.0,90,13
9,Alaves,0,22.0,1.0,0.0,2024-10-06,9,10,11,15,-4,25.0,90,14
9,Real_Sociedad,1,18.0,1.0,0.0,2024-10-06,9,9,7,8,-1,21.0,90,15
9,Getafe,1,21.0,0.0,0.0,2024-10-05,9,8,6,7,-1,21.0,90,16
9,Leganes,0,19.0,0.0,0.0,2024-10-04,9,8,5,9,-4,19.0,90,17
9,Valencia,0,17.0,0.0,0.0,2024-10-04,9,6,5,13,-8,17.0,90,18
9,Valladolid,1,27.0,1.0,0.0,2024-10-05,9,5,5,19,-14,30.0,90,19
9,Las_Palmas,0,20.0,0.0,0.0,2024-10-05,9,3,9,17,-8,20.0,90,20
10,Barcelona,5,17.0,1.0,0.0,2024-10-20,10,27,33,10,23,20.0,100,1
10,Real_Madrid,2,16.0,1.0,0.0,2024-10-19,10,24,21,7,14,19.0,100,2
10,Atletico_Madrid,3,18.0,1.0,0.0,2024-10-20,10,20,16,6,10,21.0,100,3
10,Villarreal,1,32.0,1.0,1.0,2024-10-20,10,18,18,18,0,33.0,100,4
10,Athletic_Club,4,23.0,3.0,1.0,2024-10-19,10,17,17,11,6,30.0,100,5
10,Mallorca,1,19.0,1.0,0.0,2024-10-20,10,17,10,8,2,22.0,100,6
10,Real_Betis,2,20.0,1.0,0.0,2024-10-19,10,15,10,9,1,23.0,100,7
10,Osasuna,1,22.0,0.0,0.0,2024-10-19,10,15,14,16,-2,22.0,100,8
10,Rayo_Vallecano,0,23.0,0.0,0.0,2024-10-20,10,13,11,10,1,23.0,100,9
10,Celta_Vigo,1,26.0,3.0,2.0,2024-10-19,10,13,17,17,0,31.0,100,10
10,Girona,0,19.0,0.0,0.0,2024-10-19,10,12,11,13,-2,19.0,100,11
10,Real_Sociedad,1,19.0,1.0,0.0,2024-10-19,10,12,8,8,0,22.0,100,12
10,Sevilla,1,32.0,4.0,3.0,2024-10-20,10,12,10,15,-5,38.0,100,13
10,Espanyol,1,27.0,0.0,0.0,2024-10-19,10,10,10,17,-7,27.0,100,14
10,Alaves,2,28.0,2.0,1.0,2024-10-18,10,10,13,18,-5,32.0,100,15
10,Getafe,1,24.0,0.0,0.0,2024-10-20,10,9,7,8,-1,24.0,100,16
10,Leganes,1,20.0,0.0,0.0,2024-10-20,10,8,6,12,-6,20.0,100,17
10,Valladolid,3,29.0,1.0,0.0,2024-10-18,10,8,8,21,-13,32.0,100,18
10,Las_Palmas,3,29.0,0.0,0.0,2024-10-21,10,6,12,19,-7,29.0,100,19
10,Valencia,2,21.0,1.0,0.0,2024-10-21,10,6,7,16,-9,24.0,100,20
11,Barcelona,4,22.0,1.0,0.0,2024-10-26,11,30,37,10,27,25.0,110,1
11,Real_Madrid,0,18.0,1.0,0.0,2024-10-26,11,24,21,11,10,21.0,110,2
11,Villarreal,2,35.0,1.0,1.0,2024-10-26,11,21,20,19,1,36.0,110,3
11,Atletico_Madrid,0,20.0,1.0,0.0,2024-10-27,11,20,16,7,9,23.0,110,4
11,Mallorca,0,24.0,2.0,1.0,2024-10-28,11,18,10,8,2,28.0,110,5
11,Real_Betis,1,22.0,1.0,0.0,2024-10-27,11,18,11,9,2,25.0,110,6
11,Osasuna,2,26.0,0.0,0.0,2024-10-27,11,18,16,16,0,26.0,110,7
11,Athletic_Club,0,24.0,3.0,1.0,2024-10-28,11,18,17,11,6,31.0,110,8
11,Rayo_Vallecano,1,25.0,1.0,0.0,2024-10-26,11,16,12,10,2,28.0,110,9
11,Sevilla,2,32.0,4.0,3.0,2024-10-25,11,15,12,15,-3,38.0,110,10
11,Celta_Vigo,0,28.0,3.0,2.0,2024-10-27,11,13,17,20,-3,33.0,110,11
11,Real_Sociedad,0,22.0,1.0,0.0,2024-10-27,11,12,8,10,-2,25.0,110,12
11,Girona,0,24.0,0.0,0.0,2024-10-26,11,12,11,14,-3,24.0,110,13
11,Leganes,3,22.0,0.0,0.0,2024-10-27,11,11,9,12,-3,22.0,110,14
11,Espanyol,0,29.0,0.0,0.0,2024-10-25,11,10,10,19,-9,29.0,110,15
11,Getafe,1,27.0,0.0,0.0,2024-10-27,11,10,8,9,-1,27.0,110,16
11,Alaves,0,32.0,2.0,1.0,2024-10-26,11,10,13,19,-6,36.0,110,17
11,Las_Palmas,1,33.0,0.0,0.0,2024-10-26,11,9,13,19,-6,33.0,110,18
11,Valladolid,1,33.0,1.0,0.0,2024-10-26,11,8,9,23,-14,36.0,110,19
11,Valencia,1,28.0,1.0,0.0,2024-10-27,11,7,8,17,-9,31.0,110,20
12,Barcelona,3,22.0,1.0,0.0,2024-11-03,12,33,40,11,29,25.0,118,1
12,Atletico_Madrid,2,21.0,1.0,0.0,2024-11-03,12,23,18,7,11,24.0,118,2
12,Osasuna,1,27.0,0.0,0.0,2024-11-02,12,21,17,16,1,27.0,118,3
12,Athletic_Club,1,24.0,3.0,1.0,2024-11-03,12,19,18,12,6,31.0,118,4
12,Real_Betis,1,22.0,1.0,0.0,2024-11-03,12,19,12,10,2,25.0,118,5
12,Mallorca,0,26.0,2.0,1.0,2024-11-01,12,18,10,9,1,30.0,118,6
12,Celta_Vigo,1,29.0,3.0,2.0,2024-11-04,12,16,18,20,-2,34.0,118,7
12,Real_Sociedad,2,23.0,1.0,0.0,2024-11-03,12,15,10,10,0,26.0,118,8
12,Girona,4,26.0,0.0,0.0,2024-11-02,12,15,15,17,-2,26.0,118,9
12,Sevilla,0,34.0,4.0,3.0,2024-11-03,12,15,12,17,-5,40.0,118,10
12,Alaves,1,35.0,2.0,1.0,2024-11-01,12,13,14,19,-5,39.0,118,11
12,Leganes,3,26.0,0.0,0.0,2024-11-02,12,11,12,16,-4,26.0,118,12
12,Getafe,0,31.0,1.0,1.0,2024-11-04,12,10,8,10,-2,32.0,118,13
12,Espanyol,1,32.0,0.0,0.0,2024-11-03,12,10,11,22,-11,32.0,118,14
12,Las_Palmas,0,34.0,0.0,0.0,2024-11-03,12,9,13,21,-8,34.0,118,15
12,Valladolid,0,38.0,1.0,0.0,2024-11-02,12,8,9,24,-15,41.0,118,16
13,Barcelona,0,23.0,1.0,0.0,2024-11-10,13,33,40,12,28,26.0,127,1
13,Real_Madrid,4,18.0,1.0,0.0,2024-11-09,12,27,25,11,14,21.0,127,2
13,Atletico_Madrid,1,24.0,1.0,0.0,2024-11-10,13,26,19,7,12,27.0,127,3
13,Villarreal,3,36.0,1.0,1.0,2024-11-09,12,24,23,19,4,37.0,127,4
13,Osasuna,0,29.0,0.0,0.0,2024-11-09,13,21,17,20,-3,29.0,127,5
13,Athletic_Club,1,28.0,3.0,1.0,2024-11-10,13,20,19,13,6,35.0,127,6
13,Real_Betis,2,25.0,1.0,0.0,2024-11-10,13,20,14,12,2,28.0,127,7
13,Real_Sociedad,1,26.0,1.0,0.0,2024-11-10,13,18,11,10,1,29.0,127,8
13,Mallorca,0,27.0,2.0,1.0,2024-11-10,13,18,10,10,0,31.0,127,9
13,Girona,1,29.0,0.0,0.0,2024-11-10,13,18,16,17,-1,29.0,127,10
13,Celta_Vigo,2,29.0,3.0,2.0,2024-11-10,13,17,20,22,-2,34.0,127,11
13,Rayo_Vallecano,1,26.0,1.0,0.0,2024-11-08,12,16,13,13,0,29.0,127,12
13,Sevilla,0,35.0,5.0,3.0,2024-11-09,13,15,12,18,-6,44.0,127,13
13,Leganes,1,28.0,0.0,0.0,2024-11-09,13,14,13,16,-3,28.0,127,14
13,Alaves,0,38.0,2.0,1.0,2024-11-09,13,13,14,22,-8,42.0,127,15
13,Las_Palmas,3,37.0,0.0,0.0,2024-11-08,13,12,16,22,-6,37.0,127,16
13,Getafe,0,34.0,1.0,1.0,2024-11-10,13,10,8,11,-3,35.0,127,17
13,Valladolid,1,42.0,1.0,0.0,2024-11-10,13,9,10,25,-15,45.0,127,18
14,Barcelona,2,28.0,2.0,1.0,2024-11-23,14,34,42,14,28,32.0,137,1
14,Real_Madrid,3,18.0,1.0,0.0,2024-11-24,13,30,28,11,17,21.0,137,2
14,Atletico_Madrid,2,27.0,1.0,0.0,2024-11-23,14,29,21,8,13,30.0,137,3
14,Villarreal,2,41.0,1.0,1.0,2024-11-24,13,25,25,21,4,42.0,137,4
14,Athletic_Club,1,31.0,3.0,1.0,2024-11-24,14,23,20,13,7,38.0,137,5
14,Osasuna,2,35.0,0.0,0.0,2024-11-24,14,22,19,22,-3,35.0,137,6
14,Girona,4,29.0,0.0,0.0,2024-11-23,14,21,20,18,2,29.0,137,7
14,Mallorca,3,29.0,3.0,1.0,2024-11-23,14,21,13,12,1,36.0,137,8
14,Real_Betis,2,27.0,1.0,0.0,2024-11-23,14,20,16,16,0,30.0,137,9
14,Real_Sociedad,0,30.0,1.0,0.0,2024-11-24,14,18,11,11,0,33.0,137,10
14,Celta_Vigo,2,34.0,3.0,2.0,2024-11-23,14,18,22,24,-2,39.0,137,11
14,Sevilla,1,37.0,5.0,3.0,2024-11-24,14,18,13,18,-5,46.0,137,12
14,Rayo_Vallecano,0,31.0,2.0,0.0,2024-11-24,13,16,13,14,-1,37.0,137,13
14,Leganes,0,30.0,0.0,0.0,2024-11-24,14,14,13,19,-6,30.0,137,14
14,Getafe,2,37.0,1.0,1.0,2024-11-22,14,13,10,11,-1,38.0,137,15
14,Alaves,1,41.0,2.0,1.0,2024-11-23,14,13,15,24,-9,45.0,137,16
14,Las_Palmas,2,41.0,0.0,0.0,2024-11-23,14,12,18,25,-7,41.0,137,17
14,Valencia,4,32.0,1.0,0.0,2024-11-23,12,10,12,19,-7,35.0,137,18
14,Espanyol,1,35.0,0.0,0.0,2024-11-23,13,10,12,26,-14,35.0,137,19
14,Valladolid,0,44.0,1.0,0.0,2024-11-22,14,9,10,27,-17,47.0,137,20
15,Barcelona,1,28.0,2.0,1.0,2024-11-30,15,34,43,16,27,32.0,147,1
15,Real_Madrid,2,20.0,1.0,0.0,2024-12-01,14,33,30,11,19,23.0,147,2
15,Atletico_Madrid,5,29.0,1.0,0.0,2024-11-30,15,32,26,8,18,32.0,147,3
15,Athletic_Club,2,31.0,3.0,1.0,2024-12-01,15,26,22,14,8,38.0,147,4
15,Villarreal,2,43.0,1.0,1.0,2024-12-01,14,26,27,23,4,44.0,147,5
15,Mallorca,2,30.0,3.0,1.0,2024-11-29,15,24,15,13,2,37.0,147,6
15,Osasuna,1,36.0,0.0,0.0,2024-12-02,15,23,20,23,-3,36.0,147,7
15,Girona,2,35.0,0.0,0.0,2024-12-01,15,22,22,20,2,35.0,147,8
15,Real_Sociedad,2,33.0,1.0,0.0,2024-12-01,15,21,13,11,2,36.0,147,9
15,Real_Betis,0,29.0,1.0,0.0,2024-12-01,15,20,16,18,-2,32.0,147,10
15,Sevilla,1,38.0,5.0,3.0,2024-12-02,15,19,14,19,-5,47.0,147,11
15,Celta_Vigo,1,36.0,3.0,2.0,2024-11-30,15,18,23,27,-4,41.0,147,12
15,Rayo_Vallecano,1,34.0,2.0,0.0,2024-12-01,14,16,14,16,-2,40.0,147,13
15,Leganes,1,34.0,0.0,0.0,2024-11-30,15,15,14,20,-6,34.0,147,14
15,Las_Palmas,2,41.0,0.0,0.0,2024-11-30,15,15,20,26,-6,41.0,147,15
15,Alaves,1,42.0,2.0,1.0,2024-11-30,15,14,16,25,-9,46.0,147,16
15,Getafe,0,43.0,1.0,1.0,2024-12-01,15,13,10,13,-3,44.0,147,17
15,Espanyol,3,37.0,0.0,0.0,2024-11-30,14,13,15,27,-12,37.0,147,18
15,Valencia,1,33.0,1.0,0.0,2024-11-29,13,10,13,21,-8,36.0,147,19
15,Valladolid,0,45.0,1.0,0.0,2024-11-30,15,9,10,32,-22,48.0,147,20
19,Barcelona,5,31.0,2.0,1.0,2024-12-03,16,37,48,17,31,35.0,149,1
19,Real_Madrid,1,23.0,1.0,0.0,2024-12-04,15,33,31,13,18,26.0,149,2
19,Athletic_Club,2,34.0,3.0,1.0,2024-12-04,16,29,24,15,9,41.0,149,3
19,Mallorca,1,34.0,3.0,1.0,2024-12-03,16,24,16,18,-2,41.0,149,4
16,Barcelona,2,33.0,2.0,1.0,2024-12-07,17,38,50,19,31,37.0,159,1
16,Real_Madrid,3,25.0,1.0,0.0,2024-12-07,16,36,34,13,21,28.0,159,2
16,Atletico_Madrid,4,33.0,1.0,0.0,2024-12-08,16,35,30,11,19,36.0,159,3
16,Athletic_Club,2,36.0,3.0,1.0,2024-12-08,17,32,26,15,11,43.0,159,4
16,Villarreal,0,44.0,1.0,1.0,2024-12-08,15,26,27,25,2,45.0,159,5
16,Osasuna,2,41.0,0.0,0.0,2024-12-08,16,24,22,25,-3,41.0,159,6
16,Mallorca,0,34.0,4.0,1.0,2024-12-06,17,24,16,20,-4,44.0,159,7
16,Real_Sociedad,3,35.0,1.0,0.0,2024-12-08,16,24,16,11,5,38.0,159,8
16,Girona,0,38.0,0.0,0.0,2024-12-07,16,22,22,23,-1,38.0,159,9
16,Celta_Vigo,2,37.0,3.0,2.0,2024-12-06,16,21,25,27,-2,42.0,159,10
16,Real_Betis,2,30.0,1.0,0.0,2024-12-07,16,21,18,20,-2,33.0,159,11
16,Sevilla,3,41.0,5.0,3.0,2024-12-08,16,19,17,23,-6,50.0,159,12
16,Rayo_Vallecano,1,36.0,2.0,0.0,2024-12-07,15,19,15,16,-1,42.0,159,13
16,Las_Palmas,2,45.0,0.0,0.0,2024-12-07,16,18,22,27,-5,45.0,159,14
16,Getafe,1,46.0,1.0,1.0,2024-12-09,16,16,11,13,-2,47.0,159,15
16,Alaves,2,45.0,2.0,1.0,2024-12-08,16,15,18,27,-9,49.0,159,16
16,Leganes,0,36.0,0.0,0.0,2024-12-08,16,15,14,23,-9,36.0,159,17
16,Espanyol,0,43.0,0.0,0.0,2024-12-09,15,13,15,28,-13,43.0,159,18
16,Valencia,0,35.0,1.0,0.0,2024-12-07,14,10,13,22,-9,38.0,159,19
16,Valladolid,1,48.0,1.0,0.0,2024-12-07,16,9,11,34,-23,51.0,159,20
17,Barcelona,0,33.0,2.0,1.0,2024-12-15,18,38,50,20,30,37.0,169,1
17,Atletico_Madrid,1,36.0,1.0,0.0,2024-12-15,17,38,31,11,20,39.0,169,2
17,Real_Madrid,3,27.0,1.0,0.0,2024-12-14,17,37,37,16,21,30.0,169,3
17,Athletic_Club,1,38.0,3.0,1.0,2024-12-15,18,33,27,16,11,45.0,169,4
17,Mallorca,2,39.0,5.0,1.0,2024-12-14,18,27,18,21,-3,52.0,169,5
17,Villarreal,1,49.0,1.0,1.0,2024-12-15,16,26,28,27,1,50.0,169,6
17,Osasuna,0,42.0,0.0,0.0,2024-12-14,17,25,22,25,-3,42.0,169,7
17,Real_Sociedad,0,37.0,1.0,0.0,2024-12-15,17,25,16,11,5,40.0,169,8
17,Real_Betis,2,33.0,2.0,0.0,2024-12-15,17,24,20,21,-1,39.0,169,9
17,Girona,1,40.0,0.0,0.0,2024-12-14,17,22,23,25,-2,40.0,169,10
17,Sevilla,1,48.0,5.0,3.0,2024-12-14,17,22,18,23,-5,57.0,169,11
17,Celta_Vigo,0,39.0,3.0,2.0,2024-12-14,17,21,25,28,-3,44.0,169,12
17,Rayo_Vallecano,3,40.0,2.0,0.0,2024-12-14,16,20,18,19,-1,46.0,169,13
17,Las_Palmas,0,48.0,0.0,0.0,2024-12-15,17,19,22,27,-5,48.0,169,14
17,Leganes,1,38.0,0.0,0.0,2024-12-15,17,18,15,23,-8,38.0,169,15
17,Getafe,0,47.0,1.0,1.0,2024-12-15,17,16,11,14,-3,48.0,169,16
17,Alaves,1,47.0,2.0,1.0,2024-12-15,17,16,19,28,-9,51.0,169,17
17,Espanyol,0,46.0,0.0,0.0,2024-12-14,16,14,15,28,-13,46.0,169,18
17,Valladolid,1,52.0,2.0,0.0,2024-12-13,17,12,12,34,-22,58.0,169,19
17,Valencia,0,38.0,1.0,0.0,2024-12-13,15,10,13,23,-10,41.0,169,20
12,Villarreal,1,53.0,2.0,1.0,2024-12-18,17,27,29,28,1,57.0,170,1
12,Rayo_Vallecano,1,43.0,2.0,0.0,2024-12-18,17,21,19,20,-1,49.0,170,2
13,Espanyol,1,47.0,0.0,0.0,2024-12-18,17,15,16,29,-13,47.0,171,1
13,Valencia,1,38.0,1.0,0.0,2024-12-18,16,11,14,24,-10,41.0,171,2
18,Atletico_Madrid,2,39.0,1.0,0.0,2024-12-21,18,41,33,12,21,42.0,181,1
18,Real_Madrid,4,28.0,1.0,0.0,2024-12-22,18,40,41,18,23,31.0,181,2
18,Barcelona,1,33.0,2.0,1.0,2024-12-21,19,38,51,22,29,37.0,181,3
18,Athletic_Club,2,39.0,3.0,1.0,2024-12-21,19,36,29,17,12,46.0,181,4
18,Villarreal,5,55.0,2.0,1.0,2024-12-22,18,30,34,30,4,59.0,181,5
18,Mallorca,1,42.0,5.0,1.0,2024-12-21,19,30,19,21,-2,55.0,181,6
18,Real_Sociedad,0,42.0,1.0,0.0,2024-12-21,18,25,16,13,3,45.0,181,7
18,Girona,3,43.0,0.0,0.0,2024-12-20,18,25,26,25,1,43.0,181,8
18,Real_Betis,1,33.0,2.0,0.0,2024-12-22,18,25,21,22,-1,39.0,181,9
18,Osasuna,1,42.0,0.0,0.0,2024-12-21,18,25,23,27,-4,42.0,181,10
18,Celta_Vigo,2,42.0,3.0,2.0,2024-12-21,18,24,27,28,-1,47.0,181,11
18,Las_Palmas,1,52.0,0.0,0.0,2024-12-22,18,22,23,27,-4,52.0,181,12
18,Sevilla,2,50.0,5.0,3.0,2024-12-22,18,22,20,27,-7,59.0,181,13
18,Rayo_Vallecano,1,47.0,2.0,0.0,2024-12-22,18,22,20,21,-1,53.0,181,14
18,Leganes,2,39.0,2.0,0.0,2024-12-22,18,18,17,28,-11,45.0,181,15
18,Alaves,2,48.0,2.0,1.0,2024-12-22,18,17,21,30,-9,52.0,181,16
18,Getafe,0,51.0,1.0,1.0,2024-12-21,18,16,11,15,-4,52.0,181,17
18,Espanyol,0,49.0,0.0,0.0,2024-12-22,18,15,16,30,-14,49.0,181,18
18,Valladolid,0,53.0,2.0,0.0,2024-12-20,18,12,12,37,-25,59.0,181,19
18,Valencia,2,40.0,1.0,0.0,2024-12-22,17,12,16,26,-10,43.0,181,20
12,Real_Madrid,2,31.0,2.0,0.0,2025-01-03,19,43,43,19,24,37.0,182,1
12,Valencia,1,42.0,1.0,0.0,2025-01-03,18,12,17,28,-11,45.0,182,2
19,Atletico_Madrid,1,41.0,1.0,0.0,2025-01-12,19,44,34,12,22,44.0,190,1
19,Villarreal,0,57.0,2.0,1.0,2025-01-13,19,30,34,31,3,61.0,190,2
19,Real_Sociedad,1,46.0,1.0,0.0,2025-01-13,19,28,17,13,4,49.0,190,3
19,Girona,1,47.0,0.0,0.0,2025-01-11,19,28,27,25,2,47.0,190,4
19,Rayo_Vallecano,2,49.0,2.0,0.0,2025-01-10,19,25,22,22,0,55.0,190,5
19,Real_Betis,0,37.0,2.0,0.0,2025-01-11,19,25,21,23,-2,43.0,190,6
19,Osasuna,0,42.0,0.0,0.0,2025-01-12,19,25,23,28,-5,42.0,190,7
19,Celta_Vigo,1,45.0,4.0,3.0,2025-01-10,19,24,28,30,-2,51.0,190,8
19,Sevilla,1,51.0,5.0,3.0,2025-01-11,19,23,21,28,-7,60.0,190,9
19,Las_Palmas,1,54.0,0.0,0.0,2025-01-12,19,22,24,29,-5,54.0,190,10
19,Getafe,2,54.0,1.0,1.0,2025-01-12,19,19,13,16,-3,55.0,190,11
19,Leganes,1,41.0,2.0,0.0,2025-01-11,19,19,18,29,-11,47.0,190,12
19,Alaves,0,49.0,2.0,1.0,2025-01-11,19,17,21,31,-10,53.0,190,13
19,Espanyol,1,51.0,0.0,0.0,2025-01-11,19,16,17,31,-14,51.0,190,14
19,Valladolid,1,55.0,2.0,0.0,2025-01-11,19,15,13,37,-24,61.0,190,15
19,Valencia,1,44.0,1.0,0.0,2025-01-11,19,13,18,29,-11,47.0,190,16
20,Real_Madrid,4,31.0,2.0,0.0,2025-01-19,20,46,47,20,27,37.0,200,1
20,Atletico_Madrid,0,44.0,1.0,0.0,2025-01-18,20,44,34,13,21,47.0,200,2
20,Barcelona,1,35.0,2.0,1.0,2025-01-18,20,39,52,23,29,39.0,200,3
20,Athletic_Club,2,39.0,3.0,1.0,2025-01-19,20,39,31,18,13,46.0,200,4
20,Villarreal,4,58.0,2.0,1.0,2025-01-20,20,33,38,31,7,62.0,200,5
20,Mallorca,0,45.0,5.0,1.0,2025-01-20,20,30,19,25,-6,58.0,200,6
20,Real_Sociedad,0,50.0,1.0,0.0,2025-01-19,20,28,17,14,3,53.0,200,7
20,Girona,1,47.0,0.0,0.0,2025-01-18,20,28,28,27,1,47.0,200,8
20,Rayo_Vallecano,1,51.0,2.0,0.0,2025-01-19,20,26,23,23,0,57.0,200,9
20,Sevilla,2,55.0,5.0,3.0,2025-01-18,20,26,23,29,-6,64.0,200,10
20,Osasuna,1,45.0,0.0,0.0,2025-01-19,20,26,24,29,-5,45.0,200,11
20,Real_Betis,1,41.0,3.0,0.0,2025-01-18,20,25,22,26,-4,50.0,200,12
20,Celta_Vigo,1,46.0,5.0,3.0,2025-01-19,20,24,29,32,-3,55.0,200,13
20,Leganes,1,42.0,2.0,0.0,2025-01-18,20,22,19,29,-10,48.0,200,14
20,Las_Palmas,1,55.0,1.0,0.0,2025-01-19,20,22,25,33,-8,58.0,200,15
20,Getafe,1,57.0,1.0,1.0,2025-01-18,20,20,14,17,-3,58.0,200,16
20,Alaves,3,54.0,2.0,1.0,2025-01-18,20,20,24,32,-8,58.0,200,17
20,Espanyol,2,53.0,0.0,0.0,2025-01-17,20,19,19,32,-13,53.0,200,18
20,Valencia,1,47.0,1.0,0.0,2025-01-19,20,16,19,29,-10,50.0,200,19
20,Valladolid,1,57.0,2.0,0.0,2025-01-17,20,15,14,39,-25,63.0,200,20
21,Real_Madrid,3,34.0,2.0,0.0,2025-01-25,21,49,50,20,30,40.0,210,1
21,Atletico_Madrid,1,47.0,1.0,0.0,2025-01-25,21,45,35,14,21,50.0,210,2
21,Barcelona,7,35.0,2.0,1.0,2025-01-26,21,42,59,24,35,39.0,210,3
21,Athletic_Club,0,40.0,3.0,1.0,2025-01-26,21,40,31,18,13,47.0,210,4
21,Villarreal,1,60.0,2.0,1.0,2025-01-25,21,34,39,32,7,64.0,210,5
21,Mallorca,0,47.0,6.0,1.0,2025-01-25,21,30,19,26,-7,63.0,210,6
21,Rayo_Vallecano,2,54.0,2.0,0.0,2025-01-26,21,29,25,24,1,60.0,210,7
21,Real_Sociedad,0,53.0,1.0,0.0,2025-01-26,21,28,17,17,0,56.0,210,8
21,Girona,1,48.0,0.0,0.0,2025-01-26,21,28,29,29,0,48.0,210,9
21,Real_Betis,1,43.0,3.0,0.0,2025-01-25,21,28,23,26,-3,52.0,210,10
21,Osasuna,1,53.0,0.0,0.0,2025-01-24,21,27,25,30,-5,53.0,210,11
21,Sevilla,1,56.0,5.0,3.0,2025-01-25,21,27,24,30,-6,65.0,210,12
21,Celta_Vigo,1,49.0,5.0,3.0,2025-01-27,21,25,30,33,-3,58.0,210,13
21,Getafe,3,63.0,1.0,1.0,2025-01-26,21,23,17,17,0,64.0,210,14
21,Leganes,0,43.0,2.0,0.0,2025-01-26,21,23,19,29,-10,49.0,210,15
21,Las_Palmas,1,62.0,2.0,1.0,2025-01-24,21,23,26,34,-8,66.0,210,16
21,Alaves,1,56.0,2.0,1.0,2025-01-27,21,21,25,33,-8,60.0,210,17
21,Espanyol,1,57.0,0.0,0.0,2025-01-25,21,20,20,33,-13,57.0,210,18
21,Valencia,1,48.0,1.0,0.0,2025-01-26,21,16,20,36,-16,51.0,210,19
21,Valladolid,0,60.0,3.0,1.0,2025-01-25,21,15,14,42,-28,67.0,210,20
22,Real_Madrid,0,34.0,2.0,0.0,2025-02-01,22,49,50,21,29,40.0,220,1
22,Atletico_Madrid,2,49.0,1.0,0.0,2025-02-01,22,48,37,14,23,52.0,220,2
22,Barcelona,1,40.0,2.0,1.0,2025-02-02,22,45,60,24,36,44.0,220,3
22,Athletic_Club,2,41.0,3.0,1.0,2025-02-02,22,41,33,20,13,48.0,220,4
22,Villarreal,5,61.0,2.0,1.0,2025-02-01,22,37,44,33,11,65.0,220,5
22,Rayo_Vallecano,1,58.0,2.0,0.0,2025-01-31,22,32,26,24,2,64.0,220,6
22,Girona,2,50.0,0.0,0.0,2025-02-03,22,31,31,30,1,50.0,220,7
22,Osasuna,2,56.0,0.0,0.0,2025-02-02,22,30,27,31,-4,56.0,220,8
22,Mallorca,0,50.0,6.0,1.0,2025-02-01,22,30,19,28,-9,66.0,220,9
22,Real_Betis,2,46.0,3.0,0.0,2025-02-02,22,29,25,28,-3,55.0,220,10
22,Real_Sociedad,1,56.0,1.0,0.0,2025-02-02,22,28,18,19,-1,59.0,220,11
22,Sevilla,0,62.0,5.0,3.0,2025-02-01,22,28,24,30,-6,71.0,220,12
22,Celta_Vigo,1,51.0,5.0,3.0,2025-02-02,22,25,31,35,-4,60.0,220,13
22,Getafe,0,67.0,1.0,1.0,2025-02-01,22,24,17,17,0,68.0,220,14
22,Leganes,0,45.0,3.0,0.0,2025-01-31,22,23,19,30,-11,54.0,220,15
22,Las_Palmas,1,64.0,2.0,1.0,2025-02-03,22,23,27,36,-9,68.0,220,16
22,Espanyol,1,59.0,0.0,0.0,2025-02-01,22,23,21,33,-12,59.0,220,17
22,Alaves,0,57.0,2.0,1.0,2025-02-02,22,21,25,34,-9,61.0,220,18
22,Valencia,2,49.0,1.0,0.0,2025-02-02,22,19,22,37,-15,52.0,220,19
22,Valladolid,1,62.0,3.0,1.0,2025-02-01,22,15,15,47,-32,69.0,220,20
23,Real_Madrid,1,35.0,2.0,0.0,2025-02-08,23,50,51,22,29,41.0,230,1
23,Atletico_Madrid,1,52.0,1.0,0.0,2025-02-08,23,49,38,15,23,55.0,230,2
23,Barcelona,4,42.0,3.0,1.0,2025-02-09,23,48,64,25,39,49.0,230,3
23,Athletic_Club,3,41.0,3.0,1.0,2025-02-08,23,44,36,20,16,48.0,230,4
23,Villarreal,2,64.0,2.0,1.0,2025-02-08,23,40,46,34,12,68.0,230,5
23,Rayo_Vallecano,1,60.0,2.0,0.0,2025-02-07,23,35,27,24,3,66.0,230,6
23,Osasuna,1,60.0,0.0,0.0,2025-02-10,23,31,28,32,-4,60.0,230,7
23,Mallorca,1,51.0,6.0,1.0,2025-02-10,23,31,20,29,-9,67.0,230,8
23,Girona,0,54.0,0.0,0.0,2025-02-08,23,31,31,33,-2,54.0,230,9
23,Real_Sociedad,2,57.0,1.0,0.0,2025-02-09,23,31,20,20,0,60.0,230,10
23,Real_Betis,2,51.0,3.0,0.0,2025-02-08,23,29,27,31,-4,60.0,230,11
23,Sevilla,1,67.0,5.0,3.0,2025-02-09,23,28,25,34,-9,76.0,230,12
23,Celta_Vigo,3,54.0,5.0,3.0,2025-02-08,23,28,34,37,-3,63.0,230,13
23,Getafe,1,72.0,1.0,1.0,2025-02-09,23,27,18,17,1,73.0,230,14
23,Leganes,0,46.0,3.0,0.0,2025-02-09,23,23,19,32,-13,55.0,230,15
23,Las_Palmas,1,70.0,2.0,1.0,2025-02-08,23,23,28,38,-10,74.0,230,16
23,Espanyol,1,61.0,0.0,0.0,2025-02-09,23,23,22,35,-13,61.0,230,17
23,Valencia,2,50.0,1.0,0.0,2025-02-09,23,22,24,37,-13,53.0,230,18
23,Alaves,0,59.0,2.0,1.0,2025-02-09,23,21,25,35,-10,63.0,230,19
23,Valladolid,0,64.0,3.0,1.0,2025-02-07,23,15,15,48,-33,71.0,230,20
24,Barcelona,1,44.0,3.0,1.0,2025-02-17,24,51,65,25,40,51.0,240,1
24,Real_Madrid,1,36.0,3.0,0.0,2025-02-15,24,51,52,23,29,45.0,240,2
24,Atletico_Madrid,1,55.0,2.0,0.0,2025-02-15,24,50,39,16,23,61.0,240,3
24,Athletic_Club,1,42.0,3.0,1.0,2025-02-16,24,45,37,21,16,49.0,240,4
24,Villarreal,1,64.0,2.0,1.0,2025-02-15,24,41,47,35,12,68.0,240,5
24,Rayo_Vallecano,0,63.0,2.0,0.0,2025-02-17,24,35,27,25,2,69.0,240,6
24,Mallorca,3,52.0,6.0,1.0,2025-02-16,24,34,23,30,-7,68.0,240,7
24,Real_Betis,3,51.0,3.0,0.0,2025-02-16,24,32,30,31,-1,60.0,240,8
24,Osasuna,1,63.0,0.0,0.0,2025-02-15,24,32,29,33,-4,63.0,240,9
24,Real_Sociedad,0,59.0,3.0,0.0,2025-02-16,24,31,20,23,-3,68.0,240,10
24,Girona,1,56.0,1.0,0.0,2025-02-14,24,31,32,35,-3,59.0,240,11
24,Sevilla,4,69.0,5.0,3.0,2025-02-16,24,31,29,34,-5,78.0,240,12
24,Getafe,2,75.0,1.0,1.0,2025-02-14,24,30,20,18,2,76.0,240,13
24,Celta_Vigo,1,59.0,5.0,3.0,2025-02-15,24,29,35,38,-3,68.0,240,14
24,Espanyol,1,62.0,0.0,0.0,2025-02-16,24,24,23,36,-13,62.0,240,15
24,Leganes,3,50.0,4.0,0.0,2025-02-15,24,24,22,35,-13,62.0,240,16
24,Las_Palmas,1,74.0,2.0,1.0,2025-02-16,24,23,29,41,-12,78.0,240,17
24,Valencia,1,55.0,1.0,0.0,2025-02-15,24,23,25,38,-13,58.0,240,18
24,Alaves,3,64.0,2.0,1.0,2025-02-15,24,22,28,38,-10,68.0,240,19
24,Valladolid,0,68.0,3.0,1.0,2025-02-16,24,15,15,52,-37,75.0,240,20
25,Barcelona,2,45.0,3.0,1.0,2025-02-22,25,54,67,25,42,52.0,250,1
25,Real_Madrid,2,36.0,3.0,0.0,2025-02-23,25,54,54,23,31,45.0,250,2
25,Atletico_Madrid,3,58.0,2.0,0.0,2025-02-22,25,53,42,16,26,64.0,250,3
25,Athletic_Club,7,44.0,3.0,1.0,2025-02-23,25,48,44,22,22,51.0,250,4
25,Villarreal,1,68.0,2.0,1.0,2025-02-22,25,44,48,35,13,72.0,250,5
25,Mallorca,1,55.0,6.0,1.0,2025-02-24,25,35,24,31,-7,71.0,250,6
25,Real_Betis,2,51.0,4.0,0.0,2025-02-23,25,35,32,32,0,63.0,250,7
25,Rayo_Vallecano,0,64.0,3.0,0.0,2025-02-22,25,35,27,26,1,73.0,250,8
25,Real_Sociedad,3,62.0,3.0,0.0,2025-02-23,25,34,23,23,0,71.0,250,9
25,Osasuna,0,63.0,0.0,0.0,2025-02-21,25,32,29,34,-5,63.0,250,10
25,Sevilla,1,70.0,5.0,3.0,2025-02-24,25,32,30,35,-5,79.0,250,11
25,Celta_Vigo,1,59.0,5.0,3.0,2025-02-21,25,32,36,38,-2,68.0,250,12
25,Girona,0,58.0,1.0,0.0,2025-02-23,25,31,32,37,-5,61.0,250,13
25,Getafe,1,78.0,2.0,2.0,2025-02-23,25,30,21,20,1,80.0,250,14
25,Espanyol,1,64.0,0.0,0.0,2025-02-22,25,27,24,36,-12,64.0,250,15
25,Leganes,0,53.0,4.0,0.0,2025-02-23,25,24,22,38,-16,65.0,250,16
25,Las_Palmas,0,75.0,2.0,1.0,2025-02-22,25,23,29,43,-14,79.0,250,17
25,Valencia,0,56.0,1.0,0.0,2025-02-22,25,23,25,41,-16,59.0,250,18
25,Alaves,0,66.0,2.0,1.0,2025-02-22,25,22,28,39,-11,70.0,250,19
25,Valladolid,1,71.0,4.0,2.0,2025-02-23,25,15,16,59,-43,79.0,250,20
26,Barcelona,4,45.0,3.0,1.0,2025-03-02,26,57,71,25,46,52.0,259,1
26,Atletico_Madrid,1,60.0,2.0,0.0,2025-03-01,26,56,43,16,27,66.0,259,2
26,Real_Madrid,1,40.0,3.0,0.0,2025-03-01,26,54,55,25,30,49.0,259,3
26,Athletic_Club,0,47.0,3.0,1.0,2025-03-01,26,48,44,23,21,54.0,259,4
26,Real_Betis,2,54.0,4.0,0.0,2025-03-01,26,38,34,33,1,66.0,259,5
26,Mallorca,1,55.0,6.0,1.0,2025-03-02,26,36,25,32,-7,71.0,259,6
26,Rayo_Vallecano,1,65.0,3.0,0.0,2025-03-01,26,36,28,27,1,74.0,259,7
26,Real_Sociedad,0,62.0,4.0,0.0,2025-03-02,26,34,23,27,-4,74.0,259,8
26,Osasuna,3,65.0,0.0,0.0,2025-03-02,26,33,32,37,-5,65.0,259,9
26,Sevilla,1,70.0,5.0,3.0,2025-03-01,26,33,31,36,-5,79.0,259,10
26,Celta_Vigo,2,59.0,5.0,3.0,2025-03-01,26,33,38,40,-2,68.0,259,11
26,Girona,2,58.0,1.0,0.0,2025-03-01,26,32,34,39,-5,61.0,259,12
26,Getafe,0,79.0,2.0,2.0,2025-03-02,26,30,21,21,0,81.0,259,13
26,Leganes,1,54.0,4.0,0.0,2025-03-02,26,27,23,38,-15,66.0,259,14
26,Las_Palmas,1,76.0,3.0,1.0,2025-02-28,26,24,30,44,-14,83.0,259,15
26,Valencia,3,57.0,1.0,0.0,2025-03-02,26,24,28,44,-16,60.0,259,16
26,Alaves,1,68.0,2.0,1.0,2025-03-02,26,23,29,40,-11,72.0,259,17
26,Valladolid,1,73.0,4.0,2.0,2025-02-28,26,16,17,60,-43,81.0,259,18
27,Real_Madrid,2,43.0,3.0,0.0,2025-03-09,27,57,57,26,31,52.0,268,1
27,Atletico_Madrid,1,62.0,3.0,0.0,2025-03-09,27,56,44,18,26,71.0,268,2
27,Athletic_Club,1,48.0,3.0,1.0,2025-03-09,27,49,45,24,21,55.0,268,3
27,Villarreal,0,69.0,2.0,1.0,2025-03-08,26,44,48,36,12,73.0,268,4
27,Real_Betis,1,56.0,4.0,0.0,2025-03-09,27,41,35,33,2,68.0,268,5
27,Mallorca,1,58.0,6.0,1.0,2025-03-09,27,37,26,33,-7,74.0,268,6
27,Sevilla,1,71.0,5.0,3.0,2025-03-09,27,36,32,36,-4,80.0,268,7
27,Rayo_Vallecano,1,66.0,3.0,0.0,2025-03-09,27,36,29,29,0,75.0,268,8
27,Celta_Vigo,2,62.0,5.0,3.0,2025-03-08,27,36,40,41,-1,71.0,268,9
27,Real_Sociedad,0,64.0,4.0,0.0,2025-03-09,27,34,23,28,-5,76.0,268,10
27,Getafe,2,84.0,2.0,2.0,2025-03-09,27,33,23,22,1,86.0,268,11
27,Girona,1,61.0,1.0,0.0,2025-03-10,27,33,35,40,-5,64.0,268,12
27,Espanyol,1,67.0,0.0,0.0,2025-03-10,26,28,25,37,-12,67.0,268,13
27,Valencia,2,58.0,1.0,0.0,2025-03-08,27,27,30,45,-15,61.0,268,14
27,Leganes,1,56.0,4.0,0.0,2025-03-08,27,27,24,40,-16,68.0,268,15
27,Alaves,1,72.0,4.0,2.0,2025-03-08,27,26,30,40,-10,80.0,268,16
27,Las_Palmas,0,83.0,4.0,2.0,2025-03-09,27,24,30,45,-15,91.0,268,17
27,Valladolid,1,76.0,4.0,2.0,2025-03-08,27,16,18,62,-44,84.0,268,18
28,Barcelona,4,48.0,3.0,1.0,2025-03-16,27,60,75,27,48,55.0,278,1
28,Real_Madrid,2,44.0,3.0,0.0,2025-03-15,28,60,59,27,32,53.0,278,2
28,Atletico_Madrid,2,63.0,3.0,0.0,2025-03-16,28,56,46,22,24,72.0,278,3
28,Athletic_Club,1,50.0,3.0,1.0,2025-03-16,28,52,46,24,22,57.0,278,4
28,Real_Betis,3,57.0,4.0,0.0,2025-03-16,28,44,38,35,3,69.0,278,5
28,Villarreal,1,71.0,2.0,1.0,2025-03-15,27,44,49,38,11,75.0,278,6
28,Mallorca,2,58.0,6.0,1.0,2025-03-15,28,40,28,34,-6,74.0,278,7
28,Celta_Vigo,1,65.0,5.0,3.0,2025-03-15,28,39,41,41,0,74.0,278,8
28,Rayo_Vallecano,2,69.0,3.0,0.0,2025-03-16,28,37,31,31,0,78.0,278,9
28,Sevilla,0,75.0,5.0,3.0,2025-03-16,28,36,32,37,-5,84.0,278,10
28,Getafe,2,88.0,3.0,3.0,2025-03-16,28,36,25,23,2,91.0,278,11
28,Real_Sociedad,2,66.0,4.0,0.0,2025-03-16,28,35,25,30,-5,78.0,278,12
28,Girona,1,63.0,1.0,0.0,2025-03-15,28,34,36,41,-5,66.0,278,13
28,Osasuna,1,67.0,0.0,0.0,2025-03-16,27,33,33,39,-6,67.0,278,14
28,Espanyol,1,69.0,0.0,0.0,2025-03-15,27,28,26,39,-13,69.0,278,15
28,Valencia,1,59.0,1.0,0.0,2025-03-15,28,28,31,46,-15,62.0,278,16
28,Alaves,2,76.0,4.0,2.0,2025-03-14,28,27,32,42,-10,84.0,278,17
28,Leganes,2,58.0,4.0,0.0,2025-03-16,28,27,26,43,-17,70.0,278,18
28,Las_Palmas,2,88.0,4.0,2.0,2025-03-14,28,25,32,47,-15,96.0,278,19
28,Valladolid,0,78.0,4.0,2.0,2025-03-15,28,16,18,63,-45,86.0,278,20
27,Barcelona,3,49.0,3.0,1.0,2025-03-27,28,63,78,27,51,56.0,279,1
27,Osasuna,0,70.0,0.0,0.0,2025-03-27,28,33,33,42,-9,70.0,279,2
29,Barcelona,4,49.0,3.0,1.0,2025-03-30,29,66,82,28,54,56.0,289,1
29,Real_Madrid,3,45.0,3.0,0.0,2025-03-29,29,63,62,29,33,54.0,289,2
29,Atletico_Madrid,1,64.0,3.0,0.0,2025-03-29,29,57,47,23,24,73.0,289,3
29,Athletic_Club,0,51.0,3.0,1.0,2025-03-30,29,53,46,24,22,58.0,289,4
29,Real_Betis,2,60.0,4.0,0.0,2025-03-30,29,47,40,36,4,72.0,289,5
29,Villarreal,2,75.0,2.0,1.0,2025-03-30,28,47,51,39,12,79.0,289,6
29,Celta_Vigo,1,67.0,5.0,3.0,2025-03-31,29,40,42,42,0,76.0,289,7
29,Rayo_Vallecano,2,73.0,3.0,0.0,2025-03-29,29,40,33,31,2,82.0,289,8
29,Mallorca,0,62.0,6.0,1.0,2025-03-30,29,40,28,35,-7,78.0,289,9
29,Real_Sociedad,2,68.0,4.0,0.0,2025-03-29,29,38,27,31,-4,80.0,289,10
29,Sevilla,1,78.0,5.0,3.0,2025-03-30,29,36,33,39,-6,87.0,289,11
29,Getafe,1,89.0,3.0,3.0,2025-03-30,29,36,26,25,1,92.0,289,12
29,Girona,1,64.0,1.0,0.0,2025-03-30,29,34,37,45,-8,67.0,289,13
29,Osasuna,0,71.0,0.0,0.0,2025-03-30,29,34,33,42,-9,71.0,289,14
29,Valencia,1,63.0,1.0,0.0,2025-03-30,29,31,32,46,-14,66.0,289,15
29,Espanyol,1,71.0,0.0,0.0,2025-03-29,28,29,27,40,-13,71.0,289,16
29,Alaves,0,79.0,4.0,2.0,2025-03-29,29,27,32,44,-12,87.0,289,17
29,Leganes,2,62.0,4.0,0.0,2025-03-29,29,27,28,46,-18,74.0,289,18
29,Las_Palmas,1,88.0,4.0,2.0,2025-03-31,29,26,33,48,-15,96.0,289,19
29,Valladolid,1,81.0,4.0,2.0,2025-03-29,29,16,19,65,-46,89.0,289,20
30,Barcelona,1,51.0,3.0,1.0,2025-04-05,30,67,83,29,54,58.0,299,1
30,Real_Madrid,1,45.0,3.0,0.0,2025-04-05,30,63,63,31,32,54.0,299,2
30,Atletico_Madrid,2,68.0,3.0,0.0,2025-04-06,30,60,49,24,25,77.0,299,3
30,Athletic_Club,0,52.0,3.0,1.0,2025-04-06,30,54,46,24,22,59.0,299,4
30,Real_Betis,1,61.0,4.0,0.0,2025-04-05,30,48,41,37,4,73.0,299,5
30,Villarreal,0,75.0,3.0,1.0,2025-04-06,29,48,51,39,12,82.0,299,6
30,Celta_Vigo,2,67.0,5.0,3.0,2025-04-05,30,43,44,43,1,76.0,299,7
30,Real_Sociedad,3,70.0,4.0,0.0,2025-04-06,30,41,30,32,-2,82.0,299,8
30,Mallorca,1,65.0,6.0,1.0,2025-04-05,30,40,29,37,-8,81.0,299,9
30,Rayo_Vallecano,0,75.0,3.0,0.0,2025-04-04,30,40,33,35,-2,84.0,299,10
30,Getafe,4,90.0,3.0,3.0,2025-04-06,30,39,30,25,5,93.0,299,11
30,Sevilla,1,79.0,5.0,3.0,2025-04-06,30,36,34,41,-7,88.0,299,12
30,Osasuna,1,74.0,0.0,0.0,2025-04-07,30,35,34,43,-9,74.0,299,13
30,Valencia,2,67.0,1.0,0.0,2025-04-05,30,34,34,47,-13,70.0,299,14
30,Girona,0,65.0,1.0,0.0,2025-04-05,30,34,37,46,-9,68.0,299,15
30,Espanyol,4,73.0,0.0,0.0,2025-04-04,29,32,31,40,-9,73.0,299,16
30,Alaves,1,84.0,4.0,2.0,2025-04-05,30,30,33,44,-11,92.0,299,17
30,Leganes,1,65.0,4.0,0.0,2025-04-07,30,28,29,47,-18,77.0,299,18
30,Las_Palmas,1,88.0,4.0,2.0,2025-04-06,30,26,34,51,-17,96.0,299,19
30,Valladolid,0,84.0,5.0,2.0,2025-04-06,30,16,19,69,-50,95.0,299,20
31,Barcelona,1,52.0,3.0,1.0,2025-04-12,31,70,84,29,55,59.0,309,1
31,Real_Madrid,1,49.0,4.0,0.0,2025-04-13,31,66,64,31,33,61.0,309,2
31,Atletico_Madrid,4,69.0,3.0,0.0,2025-04-14,31,63,53,26,27,78.0,309,3
31,Athletic_Club,3,56.0,3.0,1.0,2025-04-13,31,57,49,25,24,63.0,309,4
31,Villarreal,2,79.0,3.0,1.0,2025-04-13,30,51,53,40,13,86.0,309,5
31,Real_Betis,1,61.0,4.0,0.0,2025-04-13,31,48,42,39,3,73.0,309,6
31,Celta_Vigo,0,69.0,5.0,3.0,2025-04-12,31,43,44,45,-1,78.0,309,7
31,Mallorca,2,66.0,6.0,1.0,2025-04-12,31,43,31,37,-6,82.0,309,8
31,Real_Sociedad,0,73.0,4.0,0.0,2025-04-12,31,41,30,34,-4,85.0,309,9
31,Rayo_Vallecano,1,78.0,3.0,0.0,2025-04-13,31,40,34,38,-4,87.0,309,10
31,Getafe,1,90.0,4.0,3.0,2025-04-12,31,39,31,28,3,96.0,309,11
31,Osasuna,2,76.0,0.0,0.0,2025-04-13,31,38,36,44,-8,76.0,309,12
31,Valencia,1,70.0,1.0,0.0,2025-04-11,31,37,35,47,-12,73.0,309,13
31,Sevilla,0,81.0,5.0,3.0,2025-04-11,31,36,34,42,-8,90.0,309,14
31,Espanyol,2,75.0,0.0,0.0,2025-04-12,30,35,33,40,-7,75.0,309,15
31,Girona,1,66.0,1.0,0.0,2025-04-13,31,34,38,48,-10,69.0,309,16
31,Alaves,0,88.0,5.0,2.0,2025-04-13,31,30,33,45,-12,99.0,309,17
31,Las_Palmas,3,90.0,4.0,2.0,2025-04-12,31,29,37,52,-15,98.0,309,18
31,Leganes,0,67.0,4.0,0.0,2025-04-12,31,28,29,48,-19,79.0,309,19
31,Valladolid,2,85.0,5.0,2.0,2025-04-14,31,16,21,73,-52,96.0,309,20
32,Barcelona,4,54.0,3.0,1.0,2025-04-19,32,73,88,32,56,61.0,319,1
32,Real_Madrid,1,50.0,4.0,0.0,2025-04-20,32,69,65,31,34,62.0,319,2
32,Atletico_Madrid,0,70.0,3.0,0.0,2025-04-19,32,63,53,27,26,79.0,319,3
32,Athletic_Club,0,58.0,3.0,1.0,2025-04-20,32,57,49,26,23,65.0,319,4
32,Villarreal,2,83.0,3.0,1.0,2025-04-20,31,52,55,42,13,90.0,319,5
32,Real_Betis,3,63.0,4.0,0.0,2025-04-21,32,51,45,40,5,75.0,319,6
32,Mallorca,0,68.0,6.0,1.0,2025-04-19,32,44,31,37,-6,84.0,319,7
32,Celta_Vigo,3,71.0,5.0,3.0,2025-04-19,32,43,47,49,-2,80.0,319,8
32,Real_Sociedad,2,74.0,4.0,0.0,2025-04-20,32,42,32,36,-4,86.0,319,9
32,Rayo_Vallecano,1,81.0,3.0,0.0,2025-04-19,32,41,35,39,-4,90.0,319,10
32,Osasuna,3,77.0,0.0,0.0,2025-04-20,32,41,39,46,-7,77.0,319,11
32,Getafe,0,92.0,5.0,3.0,2025-04-18,32,39,31,29,2,101.0,319,12
32,Espanyol,1,75.0,0.0,0.0,2025-04-18,31,38,34,40,-6,75.0,319,13
32,Valencia,1,71.0,1.0,0.0,2025-04-19,32,38,36,48,-12,74.0,319,14
32,Sevilla,1,83.0,5.0,3.0,2025-04-20,32,37,35,43,-8,92.0,319,15
32,Girona,1,69.0,1.0,0.0,2025-04-21,32,34,39,51,-12,72.0,319,16
32,Las_Palmas,1,93.0,4.0,2.0,2025-04-19,32,32,38,52,-14,101.0,319,17
32,Alaves,1,90.0,5.0,2.0,2025-04-20,32,31,34,46,-12,101.0,319,18
32,Leganes,0,68.0,4.0,0.0,2025-04-19,32,29,29,48,-19,80.0,319,19
32,Valladolid,2,86.0,5.0,2.0,2025-04-20,32,16,23,76,-53,97.0,319,20
33,Barcelona,1,54.0,3.0,1.0,2025-04-22,33,76,89,32,57,61.0,329,1
33,Real_Madrid,1,51.0,4.0,0.0,2025-04-23,33,72,66,31,35,63.0,329,2
33,Atletico_Madrid,3,70.0,3.0,0.0,2025-04-24,33,66,56,27,29,79.0,329,3
33,Athletic_Club,1,59.0,3.0,1.0,2025-04-23,33,60,50,26,24,66.0,329,4
33,Real_Betis,5,64.0,4.0,0.0,2025-04-24,33,54,50,41,9,76.0,329,5
33,Villarreal,0,84.0,4.0,1.0,2025-04-23,32,52,55,45,10,94.0,329,6
33,Celta_Vigo,3,73.0,5.0,3.0,2025-04-23,33,46,50,49,1,82.0,329,7
33,Osasuna,1,81.0,0.0,0.0,2025-04-24,33,44,40,46,-6,81.0,329,8
33,Mallorca,0,69.0,6.0,1.0,2025-04-22,33,44,31,38,-7,85.0,329,9
33,Real_Sociedad,0,79.0,4.0,0.0,2025-04-23,33,42,32,37,-5,91.0,329,10
33,Rayo_Vallecano,0,83.0,3.0,0.0,2025-04-24,33,41,35,42,-7,92.0,329,11
33,Espanyol,1,76.0,0.0,0.0,2025-04-22,32,39,35,41,-6,76.0,329,12
33,Getafe,0,95.0,5.0,3.0,2025-04-23,33,39,31,30,1,104.0,329,13
33,Valencia,1,73.0,1.0,0.0,2025-04-22,33,39,37,49,-12,76.0,329,14
33,Sevilla,0,85.0,6.0,3.0,2025-04-24,33,37,35,44,-9,97.0,329,15
33,Girona,1,71.0,1.0,0.0,2025-04-24,33,35,40,52,-12,74.0,329,16
33,Alaves,1,94.0,5.0,2.0,2025-04-23,33,34,35,46,-11,105.0,329,17
33,Las_Palmas,0,96.0,4.0,2.0,2025-04-23,33,32,38,53,-15,104.0,329,18
33,Leganes,1,72.0,5.0,0.0,2025-04-24,33,30,30,49,-19,87.0,329,19
33,Valladolid,1,86.0,5.0,2.0,2025-04-24,33,16,24,81,-57,97.0,329,20
26,Villarreal,1,88.0,4.0,1.0,2025-04-27,33,55,56,45,11,98.0,330,1
26,Espanyol,0,76.0,0.0,0.0,2025-04-27,33,39,35,42,-7,76.0,330,2
34,Barcelona,2,56.0,3.0,1.0,2025-05-03,34,79,91,33,58,63.0,340,1
34,Real_Madrid,3,53.0,4.0,0.0,2025-05-04,34,75,69,33,36,65.0,340,2
34,Atletico_Madrid,0,71.0,3.0,0.0,2025-05-03,34,67,56,27,29,80.0,340,3
34,Athletic_Club,0,61.0,3.0,1.0,2025-05-04,34,61,50,26,24,68.0,340,4
34,Villarreal,4,92.0,4.0,1.0,2025-05-03,34,58,60,47,13,102.0,340,5
34,Real_Betis,2,64.0,4.0,0.0,2025-05-04,34,57,52,42,10,76.0,340,6
34,Celta_Vigo,2,74.0,5.0,3.0,2025-05-04,34,46,52,52,0,83.0,340,7
34,Osasuna,2,82.0,0.0,0.0,2025-05-03,34,44,42,50,-8,82.0,340,8
34,Rayo_Vallecano,1,86.0,3.0,0.0,2025-05-02,34,44,36,42,-6,95.0,340,9
34,Mallorca,0,71.0,6.0,1.0,2025-05-05,34,44,31,39,-8,87.0,340,10
34,Real_Sociedad,0,80.0,4.0,0.0,2025-05-04,34,43,32,37,-5,92.0,340,11
34,Valencia,3,74.0,1.0,0.0,2025-05-03,34,42,40,51,-11,77.0,340,12
34,Getafe,0,97.0,6.0,3.0,2025-05-02,34,39,31,31,0,109.0,340,13
34,Espanyol,1,78.0,0.0,0.0,2025-05-04,34,39,36,44,-8,78.0,340,14
34,Girona,1,71.0,1.0,0.0,2025-05-05,34,38,41,52,-11,74.0,340,15
34,Sevilla,2,89.0,6.0,3.0,2025-05-04,34,38,37,46,-9,101.0,340,16
34,Alaves,0,97.0,5.0,2.0,2025-05-03,34,35,35,46,-11,108.0,340,17
34,Las_Palmas,2,97.0,4.0,2.0,2025-05-03,34,32,40,56,-16,105.0,340,18
34,Leganes,2,77.0,5.0,0.0,2025-05-04,34,31,32,51,-19,92.0,340,19
34,Valladolid,1,89.0,5.0,2.0,2025-05-03,34,16,25,83,-58,100.0,340,20
35,Barcelona,4,59.0,3.0,1.0,2025-05-11,35,82,95,36,59,66.0,350,1
35,Real_Madrid,3,56.0,4.0,0.0,2025-05-11,35,75,72,37,35,68.0,350,2
35,Atletico_Madrid,4,71.0,3.0,0.0,2025-05-10,35,70,60,27,33,80.0,350,3
35,Athletic_Club,1,62.0,3.0,1.0,2025-05-11,35,64,51,26,25,69.0,350,4
35,Villarreal,1,95.0,4.0,1.0,2025-05-10,35,61,61,47,14,105.0,350,5
35,Real_Betis,1,67.0,4.0,0.0,2025-05-11,35,58,53,43,10,79.0,350,6
35,Celta_Vigo,3,74.0,6.0,3.0,2025-05-10,35,49,55,54,1,86.0,350,7
35,Mallorca,2,73.0,6.0,1.0,2025-05-10,35,47,33,40,-7,89.0,350,8
35,Rayo_Vallecano,1,89.0,3.0,0.0,2025-05-09,35,47,37,42,-5,98.0,350,9
35,Valencia,3,77.0,1.0,0.0,2025-05-10,35,45,43,51,-8,80.0,350,10
35,Osasuna,1,84.0,0.0,0.0,2025-05-11,35,45,43,51,-8,84.0,350,11
35,Real_Sociedad,0,81.0,4.0,0.0,2025-05-10,35,43,32,41,-9,93.0,350,12
35,Getafe,0,102.0,6.0,3.0,2025-05-10,35,39,31,34,-3,114.0,350,13
35,Espanyol,2,80.0,0.0,0.0,2025-05-11,35,39,38,47,-9,80.0,350,14
35,Girona,0,73.0,1.0,0.0,2025-05-10,35,38,41,53,-12,76.0,350,15
35,Sevilla,2,91.0,6.0,3.0,2025-05-10,35,38,39,49,-10,103.0,350,16
35,Alaves,0,98.0,5.0,2.0,2025-05-11,35,35,35,47,-12,109.0,350,17
35,Leganes,3,79.0,5.0,0.0,2025-05-11,35,34,35,53,-18,94.0,350,18
35,Las_Palmas,0,99.0,4.0,2.0,2025-05-09,35,32,40,57,-17,107.0,350,19
35,Valladolid,1,90.0,5.0,2.0,2025-05-10,35,16,26,85,-59,101.0,350,20
36,Barcelona,2,60.0,3.0,1.0,2025-05-15,36,85,97,36,61,67.0,360,1
36,Real_Madrid,2,56.0,4.0,0.0,2025-05-14,36,78,74,38,36,68.0,360,2
36,Atletico_Madrid,0,72.0,3.0,0.0,2025-05-15,36,70,60,29,31,81.0,360,3
36,Athletic_Club,2,62.0,3.0,1.0,2025-05-15,36,67,53,26,27,69.0,360,4
36,Villarreal,3,96.0,4.0,1.0,2025-05-14,36,64,64,47,17,106.0,360,5
36,Real_Betis,2,70.0,4.0,0.0,2025-05-15,36,59,55,45,10,82.0,360,6
36,Celta_Vigo,1,75.0,6.0,3.0,2025-05-13,36,52,56,54,2,87.0,360,7
36,Rayo_Vallecano,2,90.0,3.0,0.0,2025-05-15,36,48,39,44,-5,99.0,360,8
36,Osasuna,2,85.0,0.0,0.0,2025-05-15,36,48,45,51,-6,85.0,360,9
36,Mallorca,1,76.0,6.0,1.0,2025-05-14,36,47,34,42,-8,92.0,360,10
36,Valencia,0,80.0,1.0,0.0,2025-05-14,36,45,43,52,-9,83.0,360,11
36,Real_Sociedad,0,84.0,4.0,0.0,2025-05-13,36,43,32,42,-10,96.0,360,12
36,Girona,1,73.0,1.0,0.0,2025-05-13,36,41,42,53,-11,76.0,360,13
36,Sevilla,1,97.0,6.0,3.0,2025-05-13,36,41,40,49,-9,109.0,360,14
36,Getafe,0,103.0,6.0,3.0,2025-05-15,36,39,31,36,-5,115.0,360,15
36,Espanyol,0,84.0,1.0,0.0,2025-05-15,36,39,38,49,-11,87.0,360,16
36,Alaves,1,102.0,5.0,2.0,2025-05-14,36,38,36,47,-11,113.0,360,17
36,Leganes,0,80.0,5.0,0.0,2025-05-14,36,34,35,56,-21,95.0,360,18
36,Las_Palmas,0,105.0,4.0,2.0,2025-05-13,36,32,40,58,-18,113.0,360,19
36,Valladolid,0,90.0,5.0,2.0,2025-05-13,36,16,26,86,-60,101.0,360,20
37,Barcelona,2,62.0,3.0,1.0,2025-05-18,37,85,99,39,60,69.0,370,1
37,Real_Madrid,2,57.0,4.0,0.0,2025-05-18,37,81,76,38,38,69.0,370,2
37,Atletico_Madrid,4,73.0,3.0,0.0,2025-05-18,37,73,64,30,34,82.0,370,3
37,Athletic_Club,1,63.0,3.0,1.0,2025-05-18,37,70,54,26,28,70.0,370,4
37,Villarreal,3,96.0,4.0,1.0,2025-05-18,37,67,67,49,18,106.0,370,5
37,Real_Betis,1,71.0,4.0,0.0,2025-05-18,37,59,56,49,7,83.0,370,6
37,Celta_Vigo,1,77.0,6.0,3.0,2025-05-18,37,52,57,56,1,89.0,370,7
37,Rayo_Vallecano,2,93.0,3.0,0.0,2025-05-18,37,51,41,45,-4,102.0,370,8
37,Osasuna,2,86.0,0.0,0.0,2025-05-18,37,51,47,51,-4,86.0,370,9
37,Mallorca,1,78.0,6.0,1.0,2025-05-18,37,47,35,44,-9,94.0,370,10
37,Real_Sociedad,3,85.0,4.0,0.0,2025-05-18,37,46,35,44,-9,97.0,370,11
37,Valencia,0,83.0,1.0,0.0,2025-05-18,37,45,43,53,-10,86.0,370,12
37,Getafe,2,105.0,6.0,3.0,2025-05-18,37,42,33,37,-4,117.0,370,13
37,Alaves,1,104.0,5.0,2.0,2025-05-18,37,41,37,47,-10,115.0,370,14
37,Girona,2,76.0,1.0,0.0,2025-05-18,37,41,44,56,-12,79.0,370,15
37,Sevilla,0,97.0,8.0,3.0,2025-05-18,37,41,40,51,-11,115.0,370,16
37,Espanyol,0,85.0,1.0,0.0,2025-05-18,37,39,38,51,-13,88.0,370,17
37,Leganes,1,82.0,5.0,0.0,2025-05-18,37,37,36,56,-20,97.0,370,18
37,Las_Palmas,0,106.0,4.0,2.0,2025-05-18,37,32,40,59,-19,114.0,370,19
37,Valladolid,0,90.0,5.0,2.0,2025-05-18,37,16,26,87,-61,101.0,370,20
38,Barcelona,3,62.0,3.0,1.0,2025-05-25,38,88,102,39,63,69.0,379,1
38,Real_Madrid,2,57.0,4.0,0.0,2025-05-24,38,84,78,38,40,69.0,379,2
38,Atletico_Madrid,4,73.0,3.0,0.0,2025-05-25,38,76,68,30,38,82.0,379,3
38,Athletic_Club,0,64.0,3.0,1.0,2025-05-25,38,70,54,29,25,71.0,379,4
38,Villarreal,4,96.0,4.0,1.0,2025-05-25,38,70,71,51,20,106.0,379,5
38,Real_Betis,1,72.0,4.0,0.0,2025-05-23,38,60,57,50,7,84.0,379,6
38,Celta_Vigo,2,81.0,6.0,3.0,2025-05-24,38,55,59,57,2,93.0,379,7
38,Rayo_Vallecano,0,95.0,3.0,0.0,2025-05-24,38,52,41,45,-4,104.0,379,8
38,Osasuna,1,88.0,0.0,0.0,2025-05-24,38,52,48,52,-4,88.0,379,9
38,Mallorca,0,80.0,6.0,1.0,2025-05-24,38,48,35,44,-9,96.0,379,10
38,Real_Sociedad,0,85.0,4.0,0.0,2025-05-24,38,46,35,46,-11,97.0,379,11
38,Valencia,1,86.0,1.0,0.0,2025-05-23,38,46,44,54,-10,89.0,379,12
38,Espanyol,2,88.0,1.0,0.0,2025-05-24,38,42,40,51,-11,91.0,379,13
38,Getafe,1,108.0,7.0,3.0,2025-05-24,38,42,34,39,-5,123.0,379,14
38,Alaves,1,106.0,5.0,2.0,2025-05-24,38,42,38,48,-10,117.0,379,15
38,Girona,0,76.0,1.0,0.0,2025-05-25,38,41,44,60,-16,79.0,379,16
38,Sevilla,2,98.0,8.0,3.0,2025-05-25,38,41,42,55,-13,116.0,379,17
38,Leganes,3,82.0,5.0,0.0,2025-05-24,38,40,39,56,-17,97.0,379,18
38,Las_Palmas,0,108.0,4.0,2.0,2025-05-24,38,32,40,61,-21,116.0,379,19
38,Valladolid,0,91.0,5.0,2.0,2025-05-24,38,16,26,90,-64,102.0,379,20
