,SEASON,TEAM,DRTG,ADJ_DRTG,OPP_TS,OPP_TSC,OPP_STOV
0,1997,ATL,100.3,100.15,0.5097072522,0,0
1,1997,BOS,110.1,110.2,0.5754264489,0,0
2,1997,CHI,100.7,100.55,0.509432439,0,0
3,1997,CHO,107.1,107,0.5326714057,0,0
4,1997,CLE,100.8,100.65,0.5336904443,0,0
5,1997,DAL,106,105.95,0.5418695043,0,0
6,1997,DEN,109.7,109.45,0.5389673045,0,0
7,1997,DET,102.6,102.2,0.5235523165,0,0
8,1997,GSW,110.3,110.4,0.5585275811,0,0
9,1997,HOU,102.8,102.55,0.5164211575,0,0
10,1997,IND,102.9,101.75,0.5288311731,0,0
11,1997,LAC,106.2,106,0.5468837942,0,0
12,1997,LAL,102.3,102.1,0.5195620059,0,0
13,1997,MIA,99.2,98.7,0.5120556034,0,0
14,1997,MIL,106.7,106.6,0.5444788628,0,0
15,1997,MIN,105.5,106.15,0.5335361789,0,0
16,1997,NJN,107.2,107.4,0.5459491982,0,0
17,1997,NYK,99.5,99.15,0.5163754445,0,0
18,1997,ORL,104.2,104.5,0.5329921303,0,0
19,1997,PHI,109.5,109.15,0.5480363128,0,0
20,1997,PHX,107.1,107.25,0.544600414,0,0
21,1997,POR,102.1,102.45,0.5218292762,0,0
22,1997,SAC,107,107.25,0.5421046775,0,0
23,1997,SAS,110.8,110.55,0.5540379362,0,0
24,1997,SEA,101,100.75,0.5339868222,0,0
25,1997,TOR,106.4,106.15,0.5469815548,0,0
26,1997,UTA,102.6,102.8,0.5339142202,0,0
27,1997,VAN,110.1,109.95,0.5475609625,0,0
28,1997,WSB,103.7,103.9,0.532933622,0,0
29,1998,ATL,102.5,102.05,0.5063067689,0,0
30,1998,BOS,103.5,103.7,0.5615376916,0,0
31,1998,CHI,98.4,99,0.5002968555,0,0
32,1998,CHO,103.3,103.25,0.5328134528,0,0
33,1998,CLE,97.5,96.95,0.5132478037,0,0
34,1998,DAL,105.2,104.95,0.5231699848,0,0
35,1998,DEN,110.6,110.85,0.5562284668,0,0
36,1998,DET,101.8,101.75,0.5206504565,0,0
37,1998,GSW,103.5,103.7,0.5153049108,0,0
38,1998,HOU,106.8,107.25,0.5368344332,0,0
39,1998,IND,99.5,99.1,0.5001193505,0,0
40,1998,LAC,109.6,109.7,0.5408405156,0,0
41,1998,LAL,102.3,102.5,0.5136705435,0,0
42,1998,MIA,100.5,100.3,0.5042481696,0,0
43,1998,MIL,103.7,103.55,0.5361561167,0,0
44,1998,MIN,105.5,105.7,0.5252143732,0,0
45,1998,NJN,104.3,104.45,0.5448688412,0,0
46,1998,NYK,98.8,98.35,0.5114253558,0,0
47,1998,ORL,102.2,102.65,0.5163462442,0,0
48,1998,PHI,103.3,103.2,0.5276869197,0,0
49,1998,PHX,100.6,100.7,0.5146640356,0,0
50,1998,POR,100.8,101.2,0.507167848,0,0
51,1998,SAC,105,105.3,0.5255892833,0,0
52,1998,SAS,98,97.5,0.4829285425,0,0
53,1998,SEA,102.3,102.25,0.5194371792,0,0
54,1998,TOR,108.9,109.35,0.5451822764,0,0
55,1998,UTA,103.8,103.85,0.5235322436,0,0
56,1998,VAN,110.2,110.2,0.5477201678,0,0
57,1998,WAS,103.2,103.1,0.5283710084,0,0
58,1999,ATL,95.3,95.85,0.4797029293,0,0
59,1999,BOS,100.8,101.4,0.5202209431,0,0
60,1999,CHI,101.7,104.35,0.5269131747,0,0
61,1999,CHO,100.4,101.75,0.5077944093,0,0
62,1999,CLE,100.1,99.7,0.5194388929,0,0
63,1999,DAL,103,102.6,0.5152435816,0,0
64,1999,DEN,108.6,107.9,0.543185647,0,0
65,1999,DET,98.4,98.9,0.5152329749,0,0
66,1999,GSW,98.9,100.05,0.5021408162,0,0
67,1999,HOU,101,103.25,0.4991006413,0,0
68,1999,IND,102.2,104.6,0.5079465818,0,0
69,1999,LAC,107.8,111.4,0.5518714674,0,0
70,1999,LAL,102.8,103.95,0.5157508748,0,0
71,1999,MIA,97.1,98.9,0.4863979919,0,0
72,1999,MIL,101.2,102.55,0.5175514447,0,0
73,1999,MIN,99.4,99.1,0.5176965412,0,0
74,1999,NJN,101.2,102.1,0.5241104003,0,0
75,1999,NYK,95.9,98,0.4876182209,0,0
76,1999,ORL,96.3,97.25,0.5061960353,0,0
77,1999,PHI,95.5,95.45,0.5033649603,0,0
78,1999,PHX,101.6,103.7,0.5213920475,0,0
79,1999,POR,96.2,95.95,0.4921329916,0,0
80,1999,SAC,101.6,100.15,0.5040362986,0,0
81,1999,SAS,93.6,94.65,0.4639606493,0,0
82,1999,SEA,104.2,104.8,0.5273422041,0,0
83,1999,TOR,101.8,102.05,0.5204266624,0,0
84,1999,UTA,96.7,96.35,0.4893382884,0,0
85,1999,VAN,106.3,106.95,0.5378336642,0,0
86,1999,WAS,102.1,104.5,0.5249532576,0,0
87,2000,ATL,105.8,105.35,0.5207484102,0,0
88,2000,BOS,103.9,103.8,0.552227479,0,0
89,2000,CHI,102.8,103,0.5284803197,0,0
90,2000,CHO,99.7,99.35,0.5162317514,0,0
91,2000,CLE,102.2,102.25,0.5290030056,0,0
92,2000,DAL,105.2,104.75,0.5269558423,0,0
93,2000,DEN,104.5,104.05,0.5239861636,0,0
94,2000,DET,103.8,104,0.5438683637,0,0
95,2000,GSW,106.5,105.85,0.5456186413,0,0
96,2000,HOU,104.2,104.1,0.5220999244,0,0
97,2000,IND,101.7,101.05,0.5093637097,0,0
98,2000,LAC,108,107.55,0.5459017827,0,0
99,2000,LAL,96.4,96,0.4897848209,0,0
100,2000,MIA,99.4,99.45,0.4999545739,0,0
101,2000,MIL,106.2,106.3,0.5427232361,0,0
102,2000,MIN,101.7,101.9,0.5221959827,0,0
103,2000,NJN,103.9,104.25,0.5324352109,0,0
104,2000,NYK,99.5,99.55,0.5061045673,0,0
105,2000,ORL,100.3,101.1,0.5194550248,0,0
106,2000,PHI,98.3,98.75,0.5124113096,0,0
107,2000,PHX,97.3,96.7,0.5031302389,0,0
108,2000,POR,99.5,99.6,0.5023955642,0,0
109,2000,SAC,100.7,100.75,0.5178602371,0,0
110,2000,SAS,97.1,96.85,0.490621237,0,0
111,2000,SEA,103.1,102.8,0.5204506649,0,0
112,2000,TOR,102.8,102.9,0.5282044358,0,0
113,2000,UTA,101.1,100.9,0.5254774409,0,0
114,2000,VAN,106.7,106.15,0.5450604688,0,0
115,2000,WAS,105.2,104.85,0.5384473781,0,0
116,2001,ATL,102.4,102.8,0.5218148517,0.4694986616,0.1114299024
117,2001,BOS,102.3,102.1,0.5397043938,0.4778182484,0.1295181706
118,2001,CHI,105.9,106.1,0.5430285194,0.4903573974,0.1074137402
119,2001,CHO,97.6,98.3,0.5017435367,0.4518301359,0.1104693928
120,2001,CLE,103.5,103.75,0.5260742317,0.4754147632,0.1065584675
121,2001,DAL,101.2,100.65,0.5139003263,0.4659383033,0.1029364244
122,2001,DEN,104.9,104.35,0.5194765314,0.4754900124,0.09250776656
123,2001,DET,100.3,101.3,0.5109964174,0.4585826714,0.1142950863
124,2001,GSW,105.5,104.85,0.5459786697,0.4863976894,0.1224943737
125,2001,HOU,102.8,102,0.5153410626,0.4676603046,0.1019559656
126,2001,IND,100.5,101.1,0.5007240653,0.4522054453,0.1072933123
127,2001,LAC,103.2,102.95,0.5094805879,0.4655500136,0.09436273871
128,2001,LAL,103.6,103.65,0.514773097,0.4697684502,0.09580176523
129,2001,MIA,97.1,97.35,0.5028381571,0.4448177882,0.1304362604
130,2001,MIL,102.6,103.45,0.5233373397,0.469894117,0.113734607
131,2001,MIN,102.4,102.1,0.5219385265,0.4724399051,0.1047723125
132,2001,NJN,103.8,104.25,0.5358074914,0.4785741063,0.1195914787
133,2001,NYK,97,97.1,0.5009509481,0.4457227288,0.1239071193
134,2001,ORL,101.1,101.45,0.5185473595,0.4619270726,0.1225740819
135,2001,PHI,97.3,97.95,0.4988289768,0.4468613596,0.116294721
136,2001,PHX,96.7,96.35,0.5116283495,0.4559780423,0.1220460241
137,2001,POR,100.5,99.45,0.5133695712,0.4614891044,0.1124197002
138,2001,SAC,98.5,98.5,0.4980019145,0.4498682308,0.1069950719
139,2001,SAS,96.6,96.8,0.4831941734,0.441741326,0.09383964085
140,2001,SEA,104.2,104.15,0.52573574,0.4751261682,0.106518174
141,2001,TOR,102,103.15,0.5175608078,0.4670073795,0.1082497419
142,2001,UTA,100.9,100.45,0.5312820916,0.4675285554,0.1363628711
143,2001,VAN,104.2,104,0.5270293796,0.4751418529,0.1092042859
144,2001,WAS,106.2,106.9,0.5450635553,0.4896171519,0.1132444056
145,2002,ATL,104.8,104.8,0.5346990344,0.484017453,0.1047102353
146,2002,BOS,99.9,100.15,0.5147325524,0.4612237485,0.1160148499
147,2002,CHI,106.2,106.15,0.5404514636,0.4887112863,0.1058706414
148,2002,CHO,101.8,101.65,0.5117017962,0.465164825,0.1000440462
149,2002,CLE,107,108.35,0.5344281454,0.4905256056,0.08950101531
150,2002,DAL,106,105.25,0.5299566306,0.4867175486,0.08883814049
151,2002,DEN,106.6,106.7,0.53692459,0.4867140864,0.1031622159
152,2002,DET,100.9,101.3,0.5155285941,0.4612411046,0.117698724
153,2002,GSW,107.1,106.75,0.5330474268,0.4873154982,0.09384460141
154,2002,HOU,106.9,106.95,0.5252914699,0.4846737798,0.08380418283
155,2002,IND,102.4,102.3,0.5135404449,0.4639941479,0.1067821592
156,2002,LAC,104.7,103.9,0.5152590935,0.4704888214,0.09515693051
157,2002,LAL,100.4,100.3,0.5020367605,0.4561741876,0.1005374134
158,2002,MEM,104.7,104.1,0.5240476278,0.4746263403,0.1041267273
159,2002,MIA,99,99.4,0.5042356907,0.4550412264,0.1081099062
160,2002,MIL,105.6,106.45,0.5196149118,0.4752427806,0.09336729136
161,2002,MIN,104.1,103.35,0.5234501405,0.4773970575,0.0964670442
162,2002,NJN,98.1,98.3,0.5032268388,0.44898639,0.120806443
163,2002,NYK,104.6,104.4,0.5247848924,0.4764433664,0.1014633206
164,2002,ORL,104.1,104.35,0.5262536399,0.474585038,0.1088711142
165,2002,PHI,98.7,98.7,0.502666257,0.4527978335,0.1101339712
166,2002,PHX,102.6,101.9,0.5204855923,0.4692060398,0.1092900518
167,2002,POR,102.6,101.95,0.5269484743,0.4757043894,0.1077225397
168,2002,SAC,99.7,99.3,0.5044291339,0.457328292,0.1029913142
169,2002,SAS,98.5,98.35,0.4947716705,0.4482249736,0.1038467281
170,2002,SEA,104.1,103.3,0.5235722106,0.4746734863,0.1030154955
171,2002,TOR,101.7,102.05,0.5175371555,0.462482987,0.1190404188
172,2002,UTA,102.9,102.45,0.5390183479,0.4758638534,0.1327154691
173,2002,WAS,104.5,105.1,0.5256166673,0.4768749012,0.102210802
174,2003,ATL,104.2,104.65,0.5136186571,0.4733513703,0.08506849104
175,2003,BOS,100.5,100.85,0.5179205534,0.4623749994,0.1201309631
176,2003,CHI,104.2,104.6,0.5213865694,0.4734975238,0.1011389568
177,2003,CLE,105.1,105.35,0.533600606,0.4869297796,0.09584713927
178,2003,DAL,101,100.35,0.514834298,0.4668615611,0.1027558079
179,2003,DEN,100.1,99.8,0.5326564801,0.4704404514,0.1322505931
180,2003,DET,98.2,98.4,0.5061384243,0.4527821859,0.1178408515
181,2003,GSW,107.7,107.75,0.5247801522,0.4793993199,0.0946618619
182,2003,HOU,100.9,100.55,0.5061403039,0.4615037447,0.09671982021
183,2003,IND,99.6,100.25,0.5057834026,0.4530881503,0.1163024286
184,2003,LAC,105.1,105.05,0.525366206,0.476943287,0.1015276244
185,2003,LAL,103.4,103.1,0.5244978809,0.4744721136,0.1054345784
186,2003,MEM,105.9,105.7,0.5289202854,0.4769956435,0.1088576859
187,2003,MIA,101.2,101.7,0.5199614823,0.4675449548,0.1121101339
188,2003,MIL,106.9,107.75,0.5375001981,0.4852638156,0.1076453278
189,2003,MIN,102.5,102.8,0.5122348424,0.4654362194,0.1005478754
190,2003,NJN,96.6,96.95,0.505260395,0.4470225108,0.1302795337
191,2003,NOH,100,100.65,0.5109300747,0.4609824819,0.1083503055
192,2003,NYK,104.6,104.8,0.5354753242,0.4810547356,0.1131276435
193,2003,ORL,103.7,104.55,0.5343799682,0.4780727747,0.1177795443
194,2003,PHI,100.6,100.4,0.5340019839,0.4752096513,0.1237187259
195,2003,PHX,101.3,101.1,0.5155112892,0.4606049211,0.1192049099
196,2003,POR,101.5,101.3,0.5219423491,0.4670751702,0.1174696972
197,2003,SAC,97.8,97.2,0.4887785606,0.4432760993,0.1026503828
198,2003,SAS,98.1,98,0.4962985183,0.445739138,0.1134281827
199,2003,SEA,102.6,102.35,0.5235120217,0.4749951025,0.1021419358
200,2003,TOR,105.6,106.25,0.5320433038,0.4823592926,0.1030020815
201,2003,UTA,101.1,101.35,0.5190069311,0.460896305,0.1260817789
202,2003,WAS,102.6,103.65,0.519842423,0.466914046,0.1133578599
203,2004,ATL,103.9,103.95,0.5222382536,0.4759023805,0.09736423896
204,2004,BOS,102.2,103.35,0.5234572204,0.4648496302,0.1260785991
205,2004,CHI,102.1,102.45,0.5184498639,0.468434776,0.1067706551
206,2004,CLE,103.1,103.85,0.5130589684,0.4697994627,0.09208079009
207,2004,DAL,105.9,105.8,0.537442756,0.4914697694,0.09354184013
208,2004,DEN,101.4,101.05,0.5220638873,0.4655832192,0.1213116491
209,2004,DET,93.9,94.35,0.4838777454,0.4295466415,0.1264847602
210,2004,GSW,102.6,102,0.5170355466,0.4668160349,0.1075788062
211,2004,HOU,97.8,96.75,0.4948215079,0.4481376838,0.104172949
212,2004,IND,96.2,95.7,0.5035140562,0.4461743772,0.1285140562
213,2004,LAC,106.6,106,0.5356457204,0.4887316373,0.09599150015
214,2004,LAL,100.1,99.45,0.515180913,0.4620996969,0.114869619
215,2004,MEM,100.8,100.15,0.5156083244,0.4601190476,0.1205976521
216,2004,MIA,100.3,100.4,0.5161312947,0.4618426007,0.1175480432
217,2004,MIL,103.5,104.6,0.525295016,0.4749118499,0.1060895115
218,2004,MIN,98.5,97.9,0.4896137261,0.4439556859,0.1028436883
219,2004,NJN,96.4,96.6,0.506247186,0.4496263528,0.1259286357
220,2004,NOH,100.6,101.95,0.5185780233,0.4626970451,0.1207722823
221,2004,NYK,101.3,102.65,0.5137656751,0.4642734239,0.1066015168
222,2004,ORL,108.8,109.3,0.5403512707,0.492209699,0.09780703585
223,2004,PHI,100.4,100.8,0.5122854602,0.4584678436,0.1173858043
224,2004,PHX,104.2,103.7,0.5288517266,0.4769586786,0.108799882
225,2004,POR,103.5,102.75,0.5182087453,0.4684015239,0.1063344562
226,2004,SAC,103.2,102.6,0.5206926991,0.4714829791,0.104372209
227,2004,SAS,93.1,92.55,0.4798343186,0.4307163269,0.1140379145
228,2004,SEA,106.4,105.85,0.5333815967,0.4822918973,0.1059310756
229,2004,TOR,98.8,98.55,0.4988857096,0.4480368659,0.1134925439
230,2004,UTA,101.3,100.85,0.5303915586,0.4689146068,0.1311047917
231,2004,WAS,102.9,103.2,0.5281513249,0.4736712307,0.115016684
232,2005,ATL,109,108.75,0.5643709357,0.5100913198,0.1064115655
233,2005,BOS,105.1,105.25,0.5325273088,0.4783224031,0.1133229497
234,2005,CHA,106,106.1,0.5472877961,0.4887759908,0.1197108829
235,2005,CHI,99.1,99.5,0.5063341356,0.4521622068,0.1198064055
236,2005,CLE,104.7,105.2,0.5315301893,0.4785158631,0.1107890674
237,2005,DAL,102.6,102.7,0.5188252342,0.4733822427,0.09599640079
238,2005,DEN,102.6,102.2,0.5281299378,0.4736845847,0.114940099
239,2005,DET,99.6,99.25,0.5035971223,0.4546581387,0.1076390796
240,2005,GSW,105.5,105.35,0.5331808547,0.4783535062,0.1146168008
241,2005,HOU,100.1,99.75,0.5075441526,0.4608001936,0.1014408407
242,2005,IND,102.7,103.6,0.5214480317,0.4719311994,0.1049238372
243,2005,LAC,104.5,104.2,0.5263409987,0.4787004903,0.09952049217
244,2005,LAL,109.6,109.5,0.536023781,0.4949166868,0.08305861418
245,2005,MEM,101.5,100.95,0.5208565662,0.4642906846,0.1218329021
246,2005,MIA,102.2,102.85,0.5096834625,0.4637565231,0.09903243868
247,2005,MIL,108.1,108.55,0.5429669331,0.4954374898,0.09593428898
248,2005,MIN,105,104.9,0.5138607612,0.473280686,0.0857420899
249,2005,NJN,101.6,101.35,0.5305148759,0.4722466021,0.1233852684
250,2005,NOH,105.9,105.55,0.541431392,0.4851530289,0.1160012609
251,2005,NYK,107.2,107.35,0.5487801604,0.4952659912,0.1080513707
252,2005,ORL,105.7,105.45,0.5320994205,0.4838425355,0.09973675618
253,2005,PHI,102.5,102.8,0.5366626647,0.4809951413,0.1157340659
254,2005,PHX,105.7,105.05,0.5123397048,0.4717086211,0.08613597871
255,2005,POR,106.1,105.6,0.5191054851,0.4718941304,0.1000464968
256,2005,SAC,106.5,105.7,0.5320834569,0.4830155762,0.101586539
257,2005,SAS,97.8,97.5,0.5019946809,0.4513525631,0.1122007979
258,2005,SEA,108,107.2,0.5415796495,0.493120579,0.09827022535
259,2005,TOR,107.2,107.25,0.542450983,0.4909849237,0.1048220766
260,2005,UTA,107.3,106.8,0.5590747471,0.4984175633,0.1216995311
261,2005,WAS,105.9,106.25,0.540889917,0.4857266395,0.1135685651
262,2006,ATL,110.1,109.85,0.5592054227,0.5038150646,0.1099418458
263,2006,BOS,105.6,105.75,0.5408268241,0.4843815305,0.116530648
264,2006,CHA,105.6,105.55,0.557791276,0.4936762649,0.1298725819
265,2006,CHI,102.7,102.75,0.5240257383,0.4670202141,0.1220622202
266,2006,CLE,104.4,104.65,0.5320640192,0.4829643722,0.1016630828
267,2006,DAL,103.2,103.15,0.5248448572,0.4774344654,0.09930240746
268,2006,DEN,104.1,104.1,0.5341246291,0.4777870914,0.1179134781
269,2006,DET,101.7,102.4,0.5143380246,0.4645125947,0.1072638942
270,2006,GSW,104.9,104.95,0.5361998774,0.4780294467,0.1216879653
271,2006,HOU,102.1,102.05,0.5184566999,0.4700240108,0.1030430105
272,2006,IND,101,100.45,0.5090143582,0.4608204853,0.1045827486
273,2006,LAC,102.2,101.85,0.516194865,0.4694085249,0.09967083608
274,2006,LAL,104.2,104.05,0.5312707188,0.4792526817,0.1085398978
275,2006,MEM,100.4,100.15,0.5162613428,0.4597894918,0.1228210996
276,2006,MIA,103.4,103.5,0.5244354693,0.4768006278,0.0999051567
277,2006,MIL,105.9,106.3,0.5500673247,0.4966737261,0.1075023618
278,2006,MIN,103.5,103.75,0.5196542498,0.4695559405,0.1066929518
279,2006,NJN,100.9,100.5,0.5260213657,0.4706237395,0.1177110748
280,2006,NOK,105.1,105.2,0.5466972293,0.4884058115,0.119350377
281,2006,NYK,109.3,108.7,0.5615285496,0.5080022343,0.1053662989
282,2006,ORL,106.6,106.75,0.5367955922,0.4857220426,0.1051497463
283,2006,PHI,106.5,106.05,0.5445185007,0.4867664224,0.1186443344
284,2006,PHX,104.7,104.9,0.5268295,0.4787272702,0.1004794017
285,2006,POR,110.3,109.95,0.5491031769,0.4983774907,0.1017816559
286,2006,SAC,103.5,103.65,0.5279146445,0.4761882029,0.1086260459
287,2006,SAS,98.7,99,0.5011513122,0.4518094727,0.1092093956
288,2006,SEA,112.7,113.15,0.5705569173,0.5163263846,0.1050314963
289,2006,TOR,111.2,111.25,0.5729650741,0.5144420005,0.1137602948
290,2006,UTA,105.1,104.95,0.5437696522,0.4851121818,0.12091527
291,2006,WAS,105.8,106.35,0.548916922,0.4883241365,0.1240831263
292,2007,ATL,107,107.1,0.5487108355,0.4909595308,0.1176294604
293,2007,BOS,105.8,106.65,0.5511050547,0.4913979689,0.1215045432
294,2007,CHA,106.3,106.8,0.549564717,0.4895725555,0.1225398787
295,2007,CHI,98.8,98.8,0.5200639579,0.4555440223,0.1416327127
296,2007,CLE,100.6,100.6,0.5248483312,0.4667264469,0.1245309426
297,2007,DAL,102.1,102.25,0.5272282304,0.4736065051,0.1132199932
298,2007,DEN,105.1,105.15,0.5353860873,0.4802502315,0.1148065158
299,2007,DET,102.6,102.2,0.5215634021,0.4671465293,0.1164878027
300,2007,GSW,106.5,106.45,0.5523444865,0.4845025516,0.1400238961
301,2007,HOU,99.7,98.5,0.5116483814,0.45982958,0.1126913179
302,2007,IND,104.4,104.35,0.5408430694,0.4787515303,0.1296947062
303,2007,LAC,104.2,104.15,0.5340530841,0.4823440415,0.1072036517
304,2007,LAL,107.5,107.35,0.5478177731,0.4944145153,0.108013127
305,2007,MEM,110.9,110.55,0.5690624545,0.5101576925,0.1154638317
306,2007,MIA,104.6,104.95,0.5283133895,0.476163848,0.1095201614
307,2007,MIL,110.3,110.1,0.5611791142,0.5018849365,0.1181429714
308,2007,MIN,106.5,106.35,0.5406384532,0.488164197,0.1074930453
309,2007,NJN,105.1,105.7,0.5396983472,0.4816720903,0.1204683811
310,2007,NOK,105.4,105.05,0.5388351091,0.4827701621,0.1161317568
311,2007,NYK,107.4,107.7,0.5481386735,0.4967759075,0.1033922243
312,2007,ORL,103.3,103.85,0.5341045173,0.4757477889,0.1226631628
313,2007,PHI,105.6,105.7,0.5414941004,0.4819160016,0.1236275588
314,2007,PHX,105.5,105.45,0.532470745,0.4804451206,0.1082862999
315,2007,POR,108.6,107.75,0.5571682677,0.5017360852,0.110480757
316,2007,SAC,106.7,105.8,0.5558698169,0.4960322119,0.1206324984
317,2007,SAS,99.4,99.15,0.5105284398,0.4594733098,0.1111166393
318,2007,SEA,108.9,108.45,0.5576096692,0.5017655045,0.1112953445
319,2007,TOR,104.4,104.95,0.5431916748,0.4851709272,0.1195882612
320,2007,UTA,105.6,104.95,0.5534522499,0.4913743657,0.1263352113
321,2007,WAS,109.1,109.25,0.5623842266,0.5026165523,0.118913064
322,2008,ATL,107.3,107.45,0.5405302112,0.4935073373,0.09528302881
323,2008,BOS,98.1,98.5,0.5077214252,0.4498505359,0.1286447047
324,2008,CHA,108.2,108.35,0.5465981853,0.4935982948,0.1073745413
325,2008,CHI,106,106.05,0.5446862332,0.4895083277,0.1127210762
326,2008,CLE,105.4,105,0.5379231771,0.4881951796,0.1018608941
327,2008,DAL,104.7,104.25,0.5237897273,0.4800975095,0.0910069661
328,2008,DEN,105.5,105.35,0.5350614741,0.4838716797,0.1057920862
329,2008,DET,101.5,101.4,0.5172500728,0.4670143455,0.1075678462
330,2008,GSW,108.5,107.9,0.5546770889,0.4949901934,0.1205819759
331,2008,HOU,100.5,100.3,0.5075128307,0.4601111046,0.1030223475
332,2008,IND,106.3,106.55,0.5475220225,0.4904141679,0.1164482154
333,2008,LAC,107.4,107.3,0.5458204693,0.4942606605,0.1043170395
334,2008,LAL,104.3,104.15,0.5258993899,0.4797454907,0.09620496721
335,2008,MEM,110.2,110.05,0.5573471142,0.5079359929,0.09727824375
336,2008,MIA,108.8,109.2,0.5538145667,0.5019465733,0.1033336935
337,2008,MIL,111.1,111.25,0.5677608328,0.5144263974,0.1036774857
338,2008,MIN,110,109.45,0.5613101829,0.511077506,0.09828778664
339,2008,NJN,107.7,107.8,0.547101526,0.4963493839,0.1022508413
340,2008,NOH,104.4,104.6,0.5368720166,0.4846773435,0.1076895253
341,2008,NYK,110.4,110.95,0.5566979484,0.5094619506,0.09271742038
342,2008,ORL,104.9,105.2,0.525569653,0.4775320551,0.1005955463
343,2008,PHI,104.7,104.85,0.5430622405,0.4857495407,0.1179881709
344,2008,PHX,107,106.8,0.5244337918,0.4815606771,0.08902951737
345,2008,POR,106.8,106.85,0.5323220562,0.4834571963,0.1010738081
346,2008,SAC,108.6,108.1,0.5552267429,0.5005662171,0.1091973927
347,2008,SAS,100.7,100.35,0.5169557591,0.4696233907,0.1007879277
348,2008,SEA,108.3,108.2,0.5422962454,0.49646206,0.09232162765
349,2008,TOR,105.6,106.35,0.5440535365,0.4911292587,0.1077603846
350,2008,UTA,104.9,104.9,0.5525019262,0.4915567613,0.1239839825
351,2008,WAS,107.9,108.3,0.5520626816,0.5019631569,0.09980717525
352,2009,ATL,106.7,106.4,0.534860154,0.4866011063,0.09917578706
353,2009,BOS,101.6,100.95,0.5212757269,0.4707784225,0.1072634215
354,2009,CHA,105,104.85,0.5405119996,0.4825177254,0.1201909716
355,2009,CHI,107.5,106.95,0.540087741,0.4913187296,0.09926145364
356,2009,CLE,101.6,101.85,0.5146472835,0.4658697978,0.1047019704
357,2009,DAL,107,106.9,0.5388873665,0.492852702,0.09340450871
358,2009,DEN,105.6,106.1,0.5360928131,0.4844915854,0.1065059317
359,2009,DET,106.4,106.4,0.5336882551,0.4897398647,0.08973823371
360,2009,GSW,111.7,111.7,0.5546484016,0.5032031953,0.1022354522
361,2009,HOU,102.9,102.85,0.5163949735,0.4736790583,0.09017902404
362,2009,IND,108.2,108.5,0.5489406983,0.4984179751,0.101366174
363,2009,LAC,110.1,110,0.5530881513,0.503106764,0.09934548855
364,2009,LAL,103.5,103.7,0.5303180345,0.4791820703,0.1067151032
365,2009,MEM,108.2,108.3,0.5597486697,0.503244587,0.1122795637
366,2009,MIA,106.5,106.45,0.5484430765,0.4921741856,0.1143271886
367,2009,MIL,106.3,106.6,0.5619043718,0.4957716957,0.1333934082
368,2009,MIN,109.9,109.8,0.5611075578,0.5104984968,0.09913655261
369,2009,NJN,109.5,109.6,0.5578834535,0.5039341585,0.1070562377
370,2009,NOH,105.8,105.6,0.5401575331,0.4895925172,0.1032797974
371,2009,NYK,109.4,109.3,0.5582296254,0.5071303374,0.1007616469
372,2009,OKC,107.6,106.75,0.552548312,0.5025448319,0.09950053607
373,2009,ORL,101.3,101.2,0.5081386246,0.4634554838,0.09641301549
374,2009,PHI,106.1,105.95,0.5483354128,0.4884643821,0.1225699006
375,2009,PHX,110.4,110.4,0.5542897094,0.5055903984,0.09632166911
376,2009,POR,106.1,105.9,0.5444447581,0.49270679,0.1050076215
377,2009,SAC,113.4,114.1,0.5708442842,0.5174714427,0.1031416173
378,2009,SAS,103.4,103.25,0.5248785575,0.4809263963,0.09139061943
379,2009,TOR,108.6,108.6,0.5494360912,0.4988341424,0.1014404278
380,2009,UTA,105.8,105.3,0.5522911238,0.4895569081,0.1281448892
381,2009,WAS,112.1,112.15,0.5714989713,0.5163022323,0.1069078062
382,2010,ATL,106,106.2,0.5348298171,0.4863746625,0.09962516201
383,2010,BOS,103.2,103.25,0.5340144585,0.4789801317,0.1148989761
384,2010,CHA,102,102.5,0.5277564349,0.4729846048,0.11580045
385,2010,CHI,104.2,104.5,0.5245581242,0.4788181728,0.09552676557
386,2010,CLE,103.8,103.75,0.5244858192,0.480795183,0.09087161808
387,2010,DAL,105,105.15,0.5342873194,0.4837448423,0.1044816868
388,2010,DEN,106.5,106.55,0.5424527083,0.4893844274,0.1084388426
389,2010,DET,110.3,110.2,0.5718659942,0.5132894478,0.1141199117
390,2010,GSW,110.3,109.95,0.5700654119,0.506809514,0.124811978
391,2010,HOU,106.8,107.1,0.5504032153,0.4955602507,0.1106686109
392,2010,IND,106,106,0.5381144369,0.4818122936,0.1168549329
393,2010,LAC,109.1,108.3,0.5483203186,0.4985466501,0.09983753472
394,2010,LAL,102.7,102.7,0.5216861905,0.473703273,0.1012931939
395,2010,MEM,109,108.55,0.5561845531,0.5059013919,0.09939320578
396,2010,MIA,103.4,103.95,0.5272214671,0.477976108,0.1030289136
397,2010,MIL,101.9,102.55,0.5365538381,0.4766322991,0.1257185867
398,2010,MIN,110.4,109.85,0.5641775953,0.5136795216,0.09830657352
399,2010,NJN,108.9,109.2,0.5561837097,0.5035550758,0.1045141562
400,2010,NOH,108.9,108.75,0.5585176932,0.5045772623,0.1069022229
401,2010,NYK,110.3,110.75,0.5613838247,0.508355144,0.1043142405
402,2010,OKC,103.5,103.45,0.5282727139,0.4766921504,0.1082051875
403,2010,ORL,102.8,102.95,0.5177487341,0.4736152876,0.09318416797
404,2010,PHI,108.9,108.7,0.5596984854,0.5056376106,0.1069162454
405,2010,PHX,109.1,109,0.5334959084,0.488202204,0.09277652593
406,2010,POR,106.1,105.95,0.5417572615,0.4883902096,0.1092713386
407,2010,SAC,109.1,108.85,0.5504868058,0.5013403444,0.09803013462
408,2010,SAS,103.9,103.45,0.5245679872,0.4787610791,0.0956780116
409,2010,TOR,112.2,112.15,0.5587167538,0.5073768384,0.1011869513
410,2010,UTA,104,103.45,0.5422745438,0.4862770214,0.1151556005
411,2010,WAS,108.3,108.35,0.5462419818,0.4930529764,0.1078768569
412,2011,ATL,105.8,106.5,0.5366011572,0.4886753211,0.09807296191
413,2011,BOS,99.8,100.25,0.5161225268,0.4625205482,0.115891021
414,2011,CHA,107,106.9,0.5440890838,0.4957422588,0.09752411505
415,2011,CHI,99.5,99.75,0.5087576718,0.4603916804,0.1050540084
416,2011,CLE,110.9,111.6,0.5607958771,0.5088293717,0.1021295317
417,2011,DAL,104.1,104,0.5275960971,0.4786483792,0.1022623707
418,2011,DEN,106.8,106.5,0.5417635978,0.4945477012,0.09547288673
419,2011,DET,110.7,111.35,0.5672593791,0.5105705313,0.1110303951
420,2011,GSW,109.4,109.2,0.5568976151,0.4999192562,0.1139751234
421,2011,HOU,107.9,107.65,0.5425603029,0.4944911845,0.09720925248
422,2011,IND,105,105.4,0.5311702057,0.481396031,0.1033954819
423,2011,LAC,108,108.25,0.5460983998,0.4960487276,0.1008966849
424,2011,LAL,103.3,102.85,0.5141814127,0.4663467043,0.1025732741
425,2011,MEM,104.5,104.65,0.5447093159,0.4847882027,0.1236026637
426,2011,MIA,102.9,103.45,0.5181558275,0.4730916543,0.09525463581
427,2011,MIL,101.5,101.7,0.5281152059,0.4704686989,0.1225299518
428,2011,MIN,109.9,109.3,0.5602724223,0.50753487,0.1039092196
429,2011,NJN,108.9,109,0.5465576295,0.4980282099,0.09744311393
430,2011,NOH,104.4,103.3,0.5430128729,0.4871623158,0.1146446579
431,2011,NYK,109,109.45,0.5541635773,0.4982987724,0.1121110628
432,2011,OKC,105.9,105.1,0.5349357948,0.4878741055,0.09646277338
433,2011,ORL,101.8,102.4,0.5178104707,0.4678294951,0.1068358796
434,2011,PHI,103.8,103.7,0.5321952856,0.4816124742,0.1050280341
435,2011,PHX,109.4,108.75,0.5508949823,0.5004195134,0.1008663084
436,2011,POR,105.7,104.85,0.5519238855,0.4891777835,0.1282685031
437,2011,SAC,108.4,108.3,0.5546013379,0.5014361777,0.1060257768
438,2011,SAS,104.4,104.4,0.5280579247,0.4824576153,0.09451671592
439,2011,TOR,111.7,111.45,0.5664918033,0.5133095663,0.1036065574
440,2011,UTA,108.8,108.85,0.5561315801,0.4989807643,0.114535108
441,2011,WAS,109.1,109.4,0.5566883012,0.4968811792,0.1203650381
442,2012,ATL,100.4,101.35,0.516763721,0.4636109167,0.1146495959
443,2012,BOS,97.5,98.05,0.4979157799,0.4423981944,0.1254923421
444,2012,CHA,109.4,108.25,0.548819095,0.4968029087,0.1047018553
445,2012,CHI,97.5,99.1,0.4863140089,0.4438759009,0.09560804712
446,2012,CLE,107.6,107.6,0.5444301055,0.4938660567,0.1023841347
447,2012,DAL,100.9,100.15,0.5189333139,0.4687237892,0.1071196424
448,2012,DEN,105.1,104.45,0.5418739985,0.4877628605,0.1109373885
449,2012,DET,105,105.6,0.5428277603,0.4865195625,0.1157367599
450,2012,GSW,107.3,106.65,0.5394184168,0.4870897155,0.1074313409
451,2012,HOU,104,102.8,0.5309407161,0.4793249822,0.107684214
452,2012,IND,102.1,102,0.5179516678,0.4659708886,0.1115537054
453,2012,LAC,104.8,104.25,0.537108371,0.4856768332,0.1058966257
454,2012,LAL,103.2,102.2,0.5072463768,0.4680057983,0.08384635116
455,2012,MEM,100.6,99.6,0.5289326869,0.4677285589,0.130853947
456,2012,MIA,99.2,100.65,0.5166653126,0.4597083168,0.1238981192
457,2012,MIL,104.1,104.2,0.5317048496,0.4750415488,0.1192807258
458,2012,MIN,105.3,103.85,0.5268654337,0.4801656495,0.09725765306
459,2012,NJN,108.1,108.7,0.549370228,0.4974620989,0.1043458974
460,2012,NOH,103.9,103.1,0.5275337711,0.4793693851,0.1004744723
461,2012,NYK,100.2,99.85,0.526054298,0.4635235806,0.1349029911
462,2012,OKC,102.1,100.4,0.5080261461,0.4610892025,0.1017957986
463,2012,ORL,103.4,104.85,0.5258640109,0.4784284135,0.09914878803
464,2012,PHI,98.2,98.25,0.5003018771,0.4531879854,0.1039610341
465,2012,PHX,105.2,105.15,0.5295051877,0.4799155207,0.1033299921
466,2012,POR,105.3,105.4,0.5403197729,0.4840857558,0.1161654035
467,2012,SAC,108.7,108.95,0.5510450109,0.4982305695,0.1060040163
468,2012,SAS,102.3,101.8,0.5217516698,0.4729284131,0.1032360402
469,2012,TOR,103.6,102.95,0.5240041893,0.4751983823,0.1027061725
470,2012,UTA,104.9,104.7,0.5383961462,0.4845875075,0.1110400865
471,2012,WAS,104.9,106.85,0.535709574,0.4812649631,0.1131281415
472,2013,ATL,103.4,103.7,0.5308262813,0.4771830273,0.1124165171
473,2013,BKN,104.8,106,0.5337264758,0.4855396601,0.09924383046
474,2013,BOS,102.6,102.85,0.5230080841,0.4723737323,0.1071912944
475,2013,CHA,110.3,111.05,0.5577080043,0.5074777308,0.09898025165
476,2013,CHI,101.9,102.5,0.5167308141,0.469862182,0.0997497435
477,2013,CLE,108.2,108.4,0.5605111548,0.5030753261,0.114169441
478,2013,DAL,105.4,105.5,0.5344174581,0.4845627666,0.1028859311
479,2013,DEN,104.2,104.45,0.5283378302,0.4784907247,0.1041756986
480,2013,DET,107.2,107.85,0.543440363,0.4923388312,0.1037934216
481,2013,GSW,104.2,103.9,0.5261278831,0.4785465871,0.09942876447
482,2013,HOU,105.3,105,0.5396362609,0.490554362,0.1000539444
483,2013,IND,99,99.85,0.4953565381,0.4495905471,0.1017948248
484,2013,LAC,102.8,102.35,0.5346090465,0.4787381056,0.1167046037
485,2013,LAL,105.9,105.35,0.5256706964,0.4808294918,0.09325801638
486,2013,MEM,99.1,98.8,0.5163155429,0.4606783723,0.1207722653
487,2013,MIA,103.2,103.45,0.5266751393,0.4777175513,0.1024822887
488,2013,MIL,104.2,104.8,0.5306187178,0.475009349,0.1170700512
489,2013,MIN,104,103.5,0.5447677915,0.4878193716,0.1167407921
490,2013,NOH,108.9,108.55,0.5568792021,0.5044775444,0.1038731222
491,2013,NYK,105.4,106,0.5476372547,0.4890805858,0.1197280582
492,2013,OKC,101.2,101.25,0.5104410148,0.4639944091,0.1001016496
493,2013,ORL,108.4,108.05,0.5426871096,0.4992268637,0.08705510261
494,2013,PHI,104.7,104.9,0.5337603056,0.4809515475,0.1098005784
495,2013,PHX,106.9,106.95,0.5492803669,0.4960600867,0.1072859553
496,2013,POR,107.9,107.55,0.5466452997,0.4982736974,0.09707837788
497,2013,SAC,110,109.6,0.5595154631,0.5073461892,0.1028277635
498,2013,SAS,100.3,99.8,0.5157424139,0.4651744448,0.108707539
499,2013,TOR,106.4,106.55,0.5439546552,0.4913103877,0.1071507316
500,2013,UTA,105.6,105.4,0.5428973239,0.487675066,0.1132357625
501,2013,WAS,101.6,101.75,0.5221800151,0.4697026254,0.1117247103
502,2014,ATL,105.7,105.95,0.5451446032,0.4923132629,0.1073124456
503,2014,BKN,106.7,106.6,0.5512371596,0.4918374628,0.120770989
504,2014,BOS,106.5,106.65,0.5467802338,0.493163316,0.1087204098
505,2014,CHA,103.3,103.4,0.5262378489,0.4756145944,0.1064375549
506,2014,CHI,99.9,100.45,0.509066909,0.4596454722,0.1075207738
507,2014,CLE,107,107.75,0.5447729545,0.4931349735,0.1047136866
508,2014,DAL,107.2,106.2,0.5554556323,0.4976680696,0.1161166774
509,2014,DEN,107.3,106.7,0.5432267983,0.4958605437,0.09552333854
510,2014,DET,109,109.65,0.5585858008,0.5065797547,0.102661122
511,2014,GSW,101.4,100.95,0.5221967225,0.4715311956,0.1074489393
512,2014,HOU,105.2,104.65,0.5265052258,0.4821312081,0.09203722339
513,2014,IND,98.9,99.55,0.5006002972,0.4527668287,0.1056470252
514,2014,LAC,104,103.5,0.5266198108,0.4779688575,0.1017868685
515,2014,LAL,109.3,108.7,0.5459212528,0.4986373474,0.09482624127
516,2014,MEM,103.8,102.95,0.5354302222,0.4839108231,0.1064646554
517,2014,MIA,105,105.4,0.5486823383,0.4907211328,0.1181143457
518,2014,MIL,110.2,110.45,0.5587400084,0.5046666825,0.1071466134
519,2014,MIN,105.2,104.3,0.5500012867,0.4928627433,0.1159319591
520,2014,NOP,109.1,108.65,0.5581472621,0.5041416567,0.1071238703
521,2014,NYK,108.1,108.45,0.5579214022,0.5010452533,0.1135149938
522,2014,OKC,103,102.75,0.527604309,0.4784445671,0.102749086
523,2014,ORL,106.6,106.75,0.5436903306,0.4962484566,0.09560105096
524,2014,PHI,109,109.4,0.5653814882,0.5074415755,0.1141804603
525,2014,PHX,105.6,105,0.5413352894,0.4914365157,0.1015365609
526,2014,POR,106.2,105.5,0.5263171045,0.4822749918,0.09132157688
527,2014,SAC,107.8,107.2,0.5523980028,0.5029826593,0.09824462651
528,2014,SAS,101.4,101.25,0.5185501839,0.4703546166,0.102466449
529,2014,TOR,104.6,105.3,0.5370934552,0.4817926835,0.1147812609
530,2014,UTA,110.1,109.6,0.5589875647,0.5141878789,0.08712707477
531,2014,WAS,103.6,103.85,0.5452759699,0.4875404988,0.1184218977
532,2015,ATL,102.3,102.75,0.5280466782,0.474047619,0.1139106219
533,2015,BKN,106.3,106.2,0.5385232202,0.4884805033,0.1024456791
534,2015,BOS,103.5,104.05,0.5331519114,0.4812710799,0.1077996032
535,2015,CHI,103.3,103.85,0.5096528336,0.4703711351,0.08351213659
536,2015,CHO,103,103.25,0.5251265936,0.479678139,0.0947478129
537,2015,CLE,105.3,105.8,0.5345749039,0.4897829698,0.09145261644
538,2015,DAL,104.9,104.3,0.5408185892,0.4816435815,0.1228605758
539,2015,DEN,107.1,106.35,0.5463471954,0.4989847622,0.09491759427
540,2015,DET,105.4,105.4,0.5392911154,0.4917098171,0.09676702941
541,2015,GSW,100.4,100.3,0.5137510604,0.4642333912,0.106665462
542,2015,HOU,102.6,101.95,0.525974457,0.4760760243,0.1048119003
543,2015,IND,102.7,103.1,0.520645239,0.4749094103,0.09630432166
544,2015,LAC,104.7,104.55,0.5352142421,0.4867935535,0.09946863153
545,2015,LAL,109.4,108.65,0.557109894,0.5108319568,0.09059326977
546,2015,MEM,101.2,101,0.5260146496,0.4740108762,0.1097100847
547,2015,MIA,106.1,106.6,0.5418274194,0.4892544344,0.1074553062
548,2015,MIL,101.4,102.25,0.5284522726,0.4713841273,0.1210650549
549,2015,MIN,110.9,110.3,0.5686107597,0.5140161624,0.1062118301
550,2015,NOP,106.3,106.15,0.532801367,0.490029637,0.08728396559
551,2015,NYK,109,109.35,0.554295439,0.5000554345,0.1084679832
552,2015,OKC,104.6,104.15,0.5288205622,0.4834206136,0.09391396923
553,2015,ORL,106.8,106.95,0.5510291709,0.5026061057,0.09634396518
554,2015,PHI,103.9,104.3,0.539274956,0.4825066565,0.1176528836
555,2015,PHX,105.3,104.75,0.5385114174,0.4883434027,0.1027310176
556,2015,POR,102.8,102.55,0.5130308047,0.4712690327,0.08861556587
557,2015,SAC,108.2,108.3,0.5431876425,0.4991817453,0.08815606272
558,2015,SAS,101.4,101.35,0.5210380666,0.4737944543,0.09971330786
559,2015,TOR,107.1,107.3,0.5420457166,0.4930220254,0.09943509338
560,2015,UTA,104.1,104,0.5286358573,0.4858666067,0.08802673405
561,2015,WAS,102.4,102.55,0.5209469921,0.4734119658,0.1004094315
562,2016,ATL,100.8,100.7,0.5179899165,0.4683758519,0.1059278876
563,2016,BKN,109.7,109.85,0.564964407,0.5139837645,0.09918726243
564,2016,BOS,102.5,102.85,0.5311915474,0.4779177659,0.1114706031
565,2016,CHI,105.5,105.25,0.5200312904,0.4819727596,0.07896407012
566,2016,CHO,103.7,104.3,0.533719487,0.488381998,0.09283202317
567,2016,CLE,103.9,104.15,0.5338179603,0.4870020053,0.09613092874
568,2016,DAL,105.9,105.75,0.5396629496,0.4888618752,0.1039170306
569,2016,DEN,108.2,108,0.5543407151,0.5068840614,0.09362427689
570,2016,DET,104.9,104.6,0.5423207229,0.4950300437,0.09553092749
571,2016,GSW,102.8,102.65,0.5196744777,0.4761495842,0.09141012595
572,2016,HOU,107.3,108,0.5544239484,0.5032941209,0.1015903531
573,2016,IND,102.2,102.6,0.5281184442,0.4787038673,0.1032257734
574,2016,LAC,102.7,102.4,0.5234261547,0.4735944307,0.1052202492
575,2016,LAL,110.3,109.45,0.5563962079,0.514588822,0.08124425578
576,2016,MEM,107.1,106.45,0.5625446786,0.5039368933,0.1162998505
577,2016,MIA,103.7,104.1,0.5247215445,0.4820283303,0.08856992732
578,2016,MIL,107.8,107.8,0.5511182525,0.4981849941,0.1062522136
579,2016,MIN,109,108.7,0.5589266139,0.5079489806,0.1003597511
580,2016,NOP,108.4,108.1,0.5638709411,0.5154213307,0.09400001033
581,2016,NYK,106.7,106.8,0.5264354559,0.4881763442,0.07837149869
582,2016,OKC,104.8,104.55,0.5242857143,0.4827842599,0.08596273292
583,2016,ORL,106,105.85,0.5508446025,0.4981695112,0.1057372843
584,2016,PHI,108.6,108.1,0.55539476,0.5034448931,0.1031887851
585,2016,PHX,107.9,107.9,0.5631793027,0.5110190474,0.1020710588
586,2016,POR,106.8,106.8,0.5426452975,0.4946933526,0.09693266479
587,2016,SAC,107.6,107.55,0.5567882972,0.5044630568,0.103724623
588,2016,SAS,98.2,97.75,0.5134917982,0.464521259,0.1054215243
589,2016,TOR,104.8,105.4,0.5348726614,0.4897250777,0.09218965032
590,2016,UTA,103.2,102.7,0.5342089387,0.4902437565,0.08968024915
591,2016,WAS,105.1,105.75,0.5550391731,0.4991454862,0.1119787486
592,2017,ATL,105.2,105.4,0.5409001431,0.4905626084,0.1026118456
593,2017,BKN,110.1,110.65,0.5523581652,0.5094680987,0.08418597076
594,2017,BOS,108,108.15,0.5445907723,0.4978406357,0.09390582695
595,2017,CHI,106.2,106.75,0.5396931459,0.4952713379,0.08969186091
596,2017,CHO,108.4,108.85,0.5538538161,0.5111798639,0.08348128574
597,2017,CLE,109.7,109.8,0.5486827119,0.5067848146,0.08267393998
598,2017,DAL,107.7,107.15,0.5678571821,0.5068727258,0.1203151267
599,2017,DEN,111.7,111.75,0.5672882638,0.5262969564,0.07788627111
600,2017,DET,106.7,106.5,0.5534663954,0.5089393029,0.08748998609
601,2017,GSW,103.4,102.95,0.5245300152,0.4796772601,0.09350611103
602,2017,HOU,108.4,108.45,0.5555651739,0.5056638857,0.09868469868
603,2017,IND,108.1,108.45,0.5552183842,0.5030804649,0.1036373362
604,2017,LAC,107.5,107.2,0.5456819781,0.5009669323,0.08925747978
605,2017,LAL,112,111.65,0.5771319592,0.5301905182,0.08853693038
606,2017,MEM,106.5,106.7,0.5514616862,0.5019664792,0.09860261398
607,2017,MIA,106.4,106.7,0.5396643292,0.4927845002,0.09513251521
608,2017,MIL,108.7,109.2,0.5572139303,0.5084826762,0.09583660644
609,2017,MIN,110.9,111.3,0.5712688594,0.5191913245,0.1003050947
610,2017,NOP,106.8,106.4,0.542432544,0.497195018,0.09098547713
611,2017,NYK,110.7,111.1,0.5508961626,0.5082215173,0.08396859201
612,2017,OKC,107.1,106.8,0.5509608646,0.5052839697,0.09039846424
613,2017,ORL,110.3,110.05,0.55871332,0.5161746819,0.08241132238
614,2017,PHI,108.2,108,0.5554706372,0.5051546627,0.09960508775
615,2017,PHX,111.3,110.65,0.5722093327,0.5224731483,0.09519376179
616,2017,POR,110,109.85,0.554135016,0.509911571,0.0867276751
617,2017,SAC,110.8,110.75,0.5681463932,0.5177728428,0.09728889997
618,2017,SAS,102.9,102.5,0.5301612818,0.4804064381,0.1035682285
619,2017,TOR,107.1,107.55,0.5495474085,0.4996367142,0.09989396875
620,2017,UTA,104.7,104.1,0.5310221323,0.4909397335,0.08164423458
621,2017,WAS,108.8,108.85,0.5608223101,0.5066704415,0.1068778917
622,2018,ATL,110.1,109.65,0.5683642424,0.5147204748,0.1042192222
623,2018,BKN,109.7,109.8,0.5530400086,0.511403715,0.08141570418
624,2018,BOS,103.2,103.5,0.5318310747,0.4841201535,0.09855181785
625,2018,CHI,110.5,110.8,0.5746679583,0.5276555405,0.08909679557
626,2018,CHO,109,108.25,0.5634288653,0.5155869993,0.09279106355
627,2018,CLE,111.1,111.25,0.5678668266,0.5208164812,0.09033958613
628,2018,DAL,108.4,108.05,0.5652493666,0.5119249659,0.1041644857
629,2018,DEN,110,110.2,0.5669423973,0.5172489956,0.09607249523
630,2018,DET,106.7,106.35,0.5555077475,0.5015562901,0.1075681004
631,2018,GSW,106.8,106.4,0.5390772934,0.4941646632,0.09088596075
632,2018,HOU,105.7,105.55,0.5512983147,0.5035826613,0.09475237528
633,2018,IND,107.3,107.45,0.5578235024,0.5035697276,0.1077383564
634,2018,LAC,109.2,108.55,0.5574579816,0.5088186113,0.09559274993
635,2018,LAL,107.3,106.85,0.5491196004,0.5034207296,0.09077669666
636,2018,MEM,110.4,111.05,0.5728667433,0.5151043304,0.112137308
637,2018,MIA,105.8,106.6,0.5478749643,0.4976769964,0.1008645533
638,2018,MIL,109.1,109.2,0.5677279471,0.5165513531,0.09907358418
639,2018,MIN,110.2,110.2,0.5725334916,0.5179263634,0.1054341544
640,2018,NOP,107.4,106.95,0.5469531556,0.5012867134,0.09109844915
641,2018,NYK,109.7,109.95,0.5594545161,0.5119260626,0.092842418
642,2018,OKC,106.4,106.25,0.5599200787,0.5057567926,0.1070935414
643,2018,ORL,109.4,109.25,0.5588133057,0.511231657,0.09307257898
644,2018,PHI,103.9,103.85,0.5323096877,0.4899635492,0.08642712012
645,2018,PHX,111.7,111.9,0.5692290347,0.5230172635,0.08835611066
646,2018,POR,105.7,105.55,0.5391661306,0.4947109033,0.08986102176
647,2018,SAC,110.4,110.55,0.5759019832,0.5230006992,0.1011495473
648,2018,SAS,104.1,103.6,0.539217236,0.4899719435,0.1005063518
649,2018,TOR,105.3,105.95,0.5410974916,0.4919127193,0.09998678701
650,2018,UTA,103,102.8,0.5426741966,0.4943124185,0.09783646198
651,2018,WAS,107.7,107.25,0.559629437,0.5057803468,0.106467344
652,2019,ATL,113.1,113.05,0.5799787633,0.5307312249,0.09279186181
653,2019,BKN,109,109.2,0.5479090221,0.5032962901,0.08864109044
654,2019,BOS,107,107.9,0.5501088783,0.5026301206,0.0944606298
655,2019,CHI,112.8,113.3,0.5730438214,0.5279930017,0.08532465291
656,2019,CHO,112,112.55,0.570236526,0.5248729454,0.08642773646
657,2019,CLE,116.8,117.35,0.5930494979,0.5480246509,0.08215843392
658,2019,DAL,110.1,109.65,0.5569890033,0.5109822718,0.09003586634
659,2019,DEN,108.1,107.9,0.5548665429,0.5098057949,0.08838806546
660,2019,DET,108.7,108.85,0.5621236749,0.5127828524,0.09622167019
661,2019,GSW,108.6,108.7,0.5464166571,0.5033512597,0.08555734499
662,2019,HOU,110.1,110.2,0.5620898942,0.5115829233,0.09872685069
663,2019,IND,106,105.65,0.549205878,0.4970515071,0.1049274977
664,2019,LAC,110.4,110.25,0.5552159015,0.510793594,0.08696723681
665,2019,LAL,108.9,109.35,0.5520044417,0.5072340537,0.0882637663
666,2019,MEM,108,108.8,0.5632193132,0.5089997567,0.1065217729
667,2019,MIA,107.1,107.5,0.5473960408,0.5005854666,0.09351165241
668,2019,MIL,104.9,105.45,0.5323637211,0.4928289781,0.08022000485
669,2019,MIN,112.2,112.4,0.5705822308,0.5199802379,0.09731522318
670,2019,NOP,112,111.9,0.5660696381,0.5218302153,0.08477742674
671,2019,NYK,112.9,113.5,0.5682704114,0.5246218,0.08320014813
672,2019,OKC,106.5,106.2,0.5595116989,0.504920592,0.1081182027
673,2019,ORL,107.6,108.1,0.5505398338,0.5066956627,0.0865295964
674,2019,PHI,109,108.95,0.549646996,0.510637921,0.07639282837
675,2019,PHX,114.2,114.1,0.5823806305,0.5310551708,0.09664807458
676,2019,POR,109.5,109.45,0.5519186149,0.5098548675,0.08250141361
677,2019,SAC,110.8,109.9,0.5689531503,0.5159268895,0.1027786336
678,2019,SAS,110.6,110.4,0.5579230267,0.5167458193,0.07968561303
679,2019,TOR,106.8,107.15,0.5446402738,0.495109643,0.1000397217
680,2019,UTA,105.3,105.2,0.5419209702,0.4999037986,0.08405051473
681,2019,WAS,112.9,113.55,0.580542033,0.527114395,0.1013587154
682,2020,ATL,114.4,114.5,0.5823880961,0.5327287506,0.09321694283
683,2020,BKN,109.2,109.35,0.5463325679,0.504238873,0.0834796704
684,2020,BOS,106.5,106.55,0.5487133032,0.4974999485,0.102941427
685,2020,CHI,108.9,109.35,0.5848848403,0.5193311857,0.1262270712
686,2020,CHO,112.8,112.75,0.5731355,0.5179019954,0.1066485648
687,2020,CLE,114.8,115.5,0.5866672957,0.5417671149,0.08287727244
688,2020,DAL,111.2,110.9,0.5557157063,0.5161305377,0.07669604037
689,2020,DEN,110.4,109.95,0.5665404213,0.5186154983,0.09240935353
690,2020,DET,112.3,112.55,0.5739503607,0.5256038731,0.09198274617
691,2020,GSW,113,112.45,0.5855288708,0.5309812431,0.1027298581
692,2020,HOU,109.8,109.8,0.5633110071,0.5102657899,0.1039560523
693,2020,IND,107.5,108.1,0.5484504144,0.4984828231,0.1002393442
694,2020,LAC,106.9,106.75,0.5441449916,0.497670452,0.09338416513
695,2020,LAL,106.1,105.6,0.5536447981,0.500102075,0.1070635891
696,2020,MEM,109.7,109.05,0.5610898393,0.5110006748,0.09802171891
697,2020,MIA,109.3,109.35,0.5622070368,0.5126290584,0.09671316429
698,2020,MIL,102.5,103,0.5253537705,0.4825627265,0.08867457359
699,2020,MIN,111.6,111.45,0.5790736054,0.5245637816,0.1039145776
700,2020,NOP,111.8,111.45,0.5704816017,0.5221644378,0.09253246753
701,2020,NYK,112.4,113,0.5766440855,0.5296501121,0.08872644858
702,2020,OKC,108.1,108.55,0.5518468881,0.5011220204,0.1012225879
703,2020,ORL,109.2,109.8,0.5663581131,0.5188505868,0.09156301943
704,2020,PHI,108.4,108.7,0.5601316557,0.5137804891,0.09021589499
705,2020,PHX,110.8,110.95,0.5777272803,0.520087255,0.1108276058
706,2020,POR,114.3,114,0.5664230382,0.5205783854,0.08806484104
707,2020,SAC,111.4,111.65,0.5826338456,0.5255908177,0.1085312489
708,2020,SAS,112.6,112.8,0.5755726867,0.5323318178,0.08122916479
709,2020,TOR,104.7,104.95,0.5405424455,0.4830075074,0.1191181031
710,2020,UTA,109.3,108.9,0.5520093563,0.5111027033,0.0800360726
711,2020,WAS,114.7,115.25,0.5958635643,0.5369758004,0.1096655825
712,2021,ATL,112.1,112.05,0.5658052935,0.5246416029,0.0784605919
713,2021,BKN,113.1,113.15,0.5648586787,0.5213305641,0.08349426957
714,2021,BOS,111.8,111.85,0.5770328802,0.5257156669,0.09761400797
715,2021,CHI,111.5,112.05,0.5723956107,0.5283478032,0.08336896109
716,2021,CHO,112,112.1,0.5764575319,0.524369449,0.09933470188
717,2021,CLE,113.5,113.85,0.5865689922,0.5365781131,0.09316607942
718,2021,DAL,112.3,111.9,0.5680841678,0.5222349787,0.08779417494
719,2021,DEN,111.5,111.4,0.5789146282,0.5302146804,0.0918494895
720,2021,DET,112.2,112.25,0.5739850841,0.5229447057,0.09760186477
721,2021,GSW,109.4,109.5,0.5620959784,0.5100000503,0.1021488685
722,2021,HOU,114.4,114.75,0.5889131252,0.535740702,0.09925029579
723,2021,IND,111.9,111.85,0.5671419596,0.5205069067,0.08959545467
724,2021,LAC,110.6,110.65,0.5643951289,0.5199459963,0.08548797934
725,2021,LAL,106.8,106.75,0.5593886463,0.5062574101,0.1049490539
726,2021,MEM,110.5,110.25,0.5703725239,0.5231904846,0.09018137889
727,2021,MIA,110.7,110.55,0.5746557532,0.5196809363,0.1057857101
728,2021,MIL,110.7,111.2,0.5647486954,0.5250893769,0.07552870091
729,2021,MIN,114.5,114.3,0.5907164171,0.5387344541,0.09648902646
730,2021,NOP,113.3,113.3,0.5826960682,0.5378385548,0.0834033057
731,2021,NYK,107.8,108.1,0.5454187717,0.5018556679,0.08680404854
732,2021,OKC,113.4,113.4,0.575760258,0.5318469385,0.08256758925
733,2021,ORL,113.9,114,0.577140755,0.532534336,0.08376252193
734,2021,PHI,107,107.2,0.5572586884,0.506075508,0.101137438
735,2021,PHX,110.4,110.75,0.5682539225,0.5195532936,0.09373557914
736,2021,POR,115.3,115.15,0.5816369218,0.5368006136,0.08352506883
737,2021,SAC,116.5,116.6,0.5907228424,0.5432715047,0.08734368973
738,2021,SAS,112,112,0.5701022998,0.5253416046,0.08520302744
739,2021,TOR,112,112.05,0.5843769068,0.5257895012,0.1114274922
740,2021,UTA,107.5,107.35,0.537239109,0.5016800691,0.07087991355
741,2021,WAS,112.3,112.3,0.5764822284,0.5258083764,0.09637323068
742,2022,ATL,113.7,113.7,0.5750059903,0.532292201,0.08024500309
743,2022,BKN,112.3,112.8,0.5588568539,0.5149131021,0.0853420734
744,2022,BOS,106.2,106.5,0.5377579254,0.4919898742,0.09302640895
745,2022,CHI,113.2,113.45,0.5767713865,0.5318779275,0.08440556876
746,2022,CHO,113.1,113.4,0.5753914934,0.526101233,0.09368968803
747,2022,CLE,108.9,108.7,0.5517365215,0.5045135476,0.09360100249
748,2022,DAL,109.1,109.95,0.5544177806,0.5089400865,0.0893576579
749,2022,DEN,111.5,111.55,0.5692535196,0.5251423348,0.08399853128
750,2022,DET,113.3,113.85,0.5800287595,0.5262503649,0.1021916527
751,2022,GSW,106.6,106.4,0.5456013728,0.4983748646,0.09476101549
752,2022,HOU,116.4,116.55,0.5888986647,0.5389282823,0.09272176665
753,2022,IND,115.5,115.1,0.5873152372,0.5409950866,0.08562027967
754,2022,LAC,109.5,110.05,0.5460371757,0.5034188073,0.08465787896
755,2022,LAL,112.8,112.75,0.5712149298,0.5234597797,0.09122983627
756,2022,MEM,108.9,109.05,0.5579848662,0.51377749,0.08604381673
757,2022,MIA,108.4,108.9,0.5623035153,0.5076942926,0.1075631999
758,2022,MIL,111.1,111.65,0.5641131981,0.521024574,0.08269979239
759,2022,MIN,111,111.85,0.5750349069,0.5201172461,0.105587079
760,2022,NOP,112,111.95,0.5811457626,0.5309841556,0.09446912209
761,2022,NYK,110.2,110,0.5565077215,0.5137268085,0.08327560916
762,2022,OKC,111.7,111.85,0.5634228584,0.5190902957,0.08540433731
763,2022,ORL,112.1,111.75,0.5670754852,0.5216268546,0.08712862502
764,2022,PHI,110.2,109.75,0.5586432605,0.5140098492,0.08683376666
765,2022,PHX,106.8,106.55,0.5458431326,0.4998954883,0.09191450091
766,2022,POR,116.3,116.5,0.5950579739,0.5447152407,0.09242027648
767,2022,SAC,114.8,115.1,0.5810323806,0.5337295965,0.08862687108
768,2022,SAS,111.7,112.15,0.5632705546,0.5171371058,0.08920931861
769,2022,TOR,109.9,110.05,0.5713371188,0.5126989613,0.1143715162
770,2022,UTA,110,110.25,0.5503741121,0.5130492844,0.07275095961
771,2022,WAS,113.6,114.05,0.5675217393,0.5264050843,0.0781083927
772,2023,ATL,115.4,115.45,0.5882631571,0.5369995876,0.09546295891
773,2023,BKN,113.5,113.4,0.5667631649,0.518356274,0.093385367
774,2023,BOS,110.6,110.35,0.5600427633,0.5145001644,0.08851814254
775,2023,CHI,111.5,112.45,0.5777003871,0.5243211842,0.1018063059
776,2023,CHO,114.7,114.2,0.5820291681,0.532492575,0.09302776297
777,2023,CLE,109.9,110.2,0.57238248,0.5137331589,0.1141630049
778,2023,DAL,116.1,116.25,0.5875529174,0.5377925684,0.09252702995
779,2023,DEN,113.5,113.8,0.5774693043,0.5328886239,0.08365853292
780,2023,DET,117.8,117.35,0.5949757333,0.5456090792,0.09047989853
781,2023,GSW,113.4,113.65,0.5763590192,0.524893218,0.09805004032
782,2023,HOU,118.6,117.9,0.6003205002,0.5504401257,0.09061907396
783,2023,IND,117.1,116.6,0.593912938,0.5413351017,0.09712622772
784,2023,LAC,113.6,113.15,0.5760285648,0.5298808697,0.08709069856
785,2023,LAL,113.2,113.35,0.5658307136,0.5229940135,0.08190667374
786,2023,MEM,110.7,110.45,0.5638713322,0.5139448597,0.09714363624
787,2023,MIA,112.8,112.7,0.5936837274,0.5320720729,0.1157956931
788,2023,MIL,110.9,110.6,0.5530120138,0.5127279711,0.07856806137
789,2023,MIN,113.1,113.45,0.5779914114,0.5228750253,0.1054102479
790,2023,NOP,112,112.25,0.5795962998,0.5282117658,0.09728017696
791,2023,NYK,114.2,114.2,0.5736078536,0.5275360868,0.08733386773
792,2023,OKC,113.2,113.15,0.5839737628,0.5234407564,0.115644427
793,2023,ORL,113.7,113.75,0.5871635715,0.5326813031,0.1022792954
794,2023,PHI,112.7,113.05,0.5785046158,0.5265827593,0.09860151248
795,2023,PHX,112.3,111.85,0.5740772347,0.5208096145,0.1022784886
796,2023,POR,118,117.85,0.5983186426,0.5487365609,0.09035680373
797,2023,SAC,116,115.8,0.5964086111,0.5439937605,0.09635193345
798,2023,SAS,119.6,119.05,0.6068930348,0.5571701147,0.08924190088
799,2023,TOR,113.1,113.3,0.6020498568,0.5386344764,0.1177336083
800,2023,UTA,116,116.3,0.5766874529,0.5328650596,0.08223919448
801,2023,WAS,114.9,115.1,0.5751708708,0.5317918288,0.08157147133
802,2024,ATL,118.4,118.4,0.6039161044,0.5533282566,0.09142466021
803,2024,BKN,115.4,115.35,0.5790737812,0.5349752991,0.08243087529
804,2024,BOS,110.6,110.1,0.5501383177,0.5101564244,0.07837183135
805,2024,CHI,115.7,116,0.5887731493,0.5387627179,0.09282459561
806,2024,CHO,119.2,119.2,0.603383989,0.5516170787,0.09384573525
807,2024,CLE,112.1,112.5,0.5695337864,0.5237258592,0.08746546752
808,2024,DAL,114.9,115,0.5787483461,0.5284374345,0.09520694083
809,2024,DEN,112.3,112.2,0.5609610554,0.5221745517,0.07427880894
810,2024,DET,118,118.15,0.5959040983,0.5503896784,0.08269490101
811,2024,GSW,114.5,114.1,0.5740704715,0.5286286891,0.08596162731
812,2024,HOU,112.8,113.5,0.5705873675,0.5198463365,0.09760774961
813,2024,IND,117.6,117.65,0.5941047456,0.5467329104,0.08664529657
814,2024,LAC,114.6,114.95,0.5726063909,0.5285795601,0.08329272295
815,2024,LAL,114.8,114.5,0.5775846764,0.5338468907,0.0819294567
816,2024,MEM,113.7,113.35,0.5845148735,0.5302405026,0.1023580256
817,2024,MIA,111.5,111.4,0.5734282337,0.5236317705,0.09509824668
818,2024,MIL,115,115.25,0.5738491741,0.5318188304,0.07903131902
819,2024,MIN,108.4,108.4,0.5526130658,0.5027997919,0.09907178719
820,2024,NOP,111.9,111.7,0.5741177542,0.5236877219,0.09629790853
821,2024,NYK,112.4,112.5,0.5732800951,0.5262876937,0.08929032925
822,2024,OKC,111,111.8,0.5669266794,0.5109885491,0.1094704184
823,2024,ORL,110.8,110.7,0.5785777866,0.5226063079,0.1071006564
824,2024,PHI,113,113.5,0.5756131819,0.5227789183,0.1010642582
825,2024,PHX,113.7,113.95,0.5674231493,0.5240423706,0.08278105207
826,2024,POR,116.6,115.65,0.5945917413,0.5421280848,0.09677354488
827,2024,SAC,114.4,114.55,0.5924006604,0.5405029921,0.09601735611
828,2024,SAS,115.6,115.8,0.5851655361,0.5390985013,0.0854519808
829,2024,TOR,118.1,118.55,0.5945521663,0.5452328924,0.09045542659
830,2024,UTA,119.6,119.4,0.596421831,0.5524864966,0.0795229108
831,2024,WAS,118.9,119.3,0.5946571041,0.5458210525,0.08947264188
832,2025,ATL,114.8,115.2,0.5954555862,0.5404885512,0.1016987962
833,2025,BKN,115.4,115.9,0.5928481968,0.5368828356,0.1042412935
834,2025,BOS,110.1,110.55,0.5512242737,0.5075998447,0.08594255775
835,2025,CHI,114.8,115.5,0.5711844783,0.5314274049,0.07481186159
836,2025,CHO,115.7,115.9,0.5805717773,0.5341280492,0.08695242301
837,2025,CLE,111.8,112.35,0.5608736308,0.5137696741,0.09168302269
838,2025,DAL,115,114.9,0.5709748989,0.526619648,0.08422635016
839,2025,DEN,115.1,115.45,0.5720729541,0.5327630069,0.07378505387
840,2025,DET,112.5,112.65,0.5760217566,0.5215568621,0.1044275293
841,2025,GSW,111,111,0.5737895953,0.5186104446,0.1063980706
842,2025,HOU,110.3,109.7,0.5607471975,0.5109366339,0.0974887302
843,2025,IND,113.3,113.35,0.5779203926,0.5270721119,0.09647310017
844,2025,LAC,109.4,108.85,0.5695676061,0.5188793983,0.0976878405
845,2025,LAL,113.8,114.1,0.5707229902,0.5254678824,0.08612345189
846,2025,MEM,112.6,112.4,0.5694270786,0.519590661,0.09591476778
847,2025,MIA,112,112,0.5704131621,0.5254711,0.08552718145
848,2025,MIL,112.7,112.75,0.5648495278,0.5205642244,0.08507173814
849,2025,MIN,110.8,110.9,0.5636789961,0.5127260411,0.09937656927
850,2025,NOP,119.1,118.9,0.5956731917,0.5477596691,0.08747179705
851,2025,NYK,113.3,113.2,0.579763738,0.5288010608,0.09637400713
852,2025,OKC,106.6,105.8,0.5526972326,0.4960388828,0.1142215899
853,2025,ORL,109.1,109.45,0.5753858509,0.512977653,0.1216587068
854,2025,PHI,117.3,118.1,0.6024195717,0.5417449903,0.1119984171
855,2025,PHX,117.7,117.95,0.5849931487,0.5423907618,0.07854556132
856,2025,POR,113.7,113.05,0.5798584887,0.5265508886,0.1012392177
857,2025,SAC,115.3,115.35,0.5902880161,0.5387287165,0.09570549694
858,2025,SAS,116.3,116.55,0.5793695025,0.5349112956,0.08311323269
859,2025,TOR,113.6,113.9,0.5791261898,0.5259083517,0.1011922284
860,2025,UTA,119.4,118.45,0.5891946388,0.5495022124,0.07223342427
861,2025,WAS,118,118.45,0.5834093412,0.5407335053,0.0789221223